PCODE,Upazila,District,Division,Source,Parameter,Step_Start,Step_End,Min_Value,Avg_Value,Max_Value,Avg_Day,Avg_Night
100409,Amtali,Barguna,Barisal,BMDWRF,rf,2025-07-12T00:00:00,2025-07-13T00:00:00,0.0,3.33,12.270000457763672,0.0,0.0
100409,Amtali,Barguna,Barisal,BMDWRF,rf,2025-07-13T00:00:00,2025-07-14T00:00:00,0.05000000074505806,18.71,35.209999084472656,0.0,0.0
100409,Amtali,Barguna,Barisal,BMDWRF,rf,2025-07-14T00:00:00,2025-07-15T00:00:00,0.0,12.91,37.279998779296875,0.0,0.0
100409,Amtali,Barguna,Barisal,BMDWRF,rf,2025-07-15T00:00:00,2025-07-16T00:00:00,0.009999999776482582,21.91,44.709999084472656,0.0,0.0
100409,Amtali,Barguna,Barisal,BMDWRF,rf,2025-07-16T00:00:00,2025-07-17T00:00:00,0.0,1.98,14.970000267028809,0.0,0.0
100409,Amtali,Barguna,Barisal,BMDWRF,rf,2025-07-17T00:00:00,2025-07-18T00:00:00,0.0,1.14,5.130000114440918,0.0,0.0
100409,Amtali,Barguna,Barisal,BMDWRF,rf,2025-07-18T00:00:00,2025-07-19T00:00:00,0.0,0.1,0.5400000214576721,0.0,0.0
100409,Amtali,Barguna,Barisal,BMDWRF,rf,2025-07-19T00:00:00,2025-07-20T00:00:00,0.0,0.07,0.3799999952316284,0.0,0.0
100409,Amtali,Barguna,Barisal,BMDWRF,rf,2025-07-20T00:00:00,2025-07-21T00:00:00,0.009999999776482582,0.47,1.0,0.0,0.0
100409,Amtali,Barguna,Barisal,BMDWRF,rf,2025-07-21T00:00:00,2025-07-22T00:00:00,0.009999999776482582,2.59,6.25,0.0,0.0
100419,Bamna,Barguna,Barisal,BMDWRF,rf,2025-07-12T00:00:00,2025-07-13T00:00:00,4.110000133514404,8.5,9.760000228881836,0.0,0.0
100419,Bamna,Barguna,Barisal,BMDWRF,rf,2025-07-13T00:00:00,2025-07-14T00:00:00,0.029999999329447746,10.46,13.920000076293945,0.0,0.0
100419,Bamna,Barguna,Barisal,BMDWRF,rf,2025-07-14T00:00:00,2025-07-15T00:00:00,0.75,9.0,18.610000610351562,0.0,0.0
100419,Bamna,Barguna,Barisal,BMDWRF,rf,2025-07-15T00:00:00,2025-07-16T00:00:00,3.2300000190734863,10.66,44.95000076293945,0.0,0.0
100419,Bamna,Barguna,Barisal,BMDWRF,rf,2025-07-16T00:00:00,2025-07-17T00:00:00,0.0,1.54,4.880000114440918,0.0,0.0
100419,Bamna,Barguna,Barisal,BMDWRF,rf,2025-07-17T00:00:00,2025-07-18T00:00:00,0.0,0.15,0.23999999463558197,0.0,0.0
100419,Bamna,Barguna,Barisal,BMDWRF,rf,2025-07-18T00:00:00,2025-07-19T00:00:00,0.009999999776482582,0.26,0.3499999940395355,0.0,0.0
100419,Bamna,Barguna,Barisal,BMDWRF,rf,2025-07-19T00:00:00,2025-07-20T00:00:00,0.0,0.04,0.23999999463558197,0.0,0.0
100419,Bamna,Barguna,Barisal,BMDWRF,rf,2025-07-20T00:00:00,2025-07-21T00:00:00,0.029999999329447746,0.51,0.6299999952316284,0.0,0.0
100419,Bamna,Barguna,Barisal,BMDWRF,rf,2025-07-21T00:00:00,2025-07-22T00:00:00,0.009999999776482582,2.85,5.679999828338623,0.0,0.0
100428,Barguna Sadar,Barguna,Barisal,BMDWRF,rf,2025-07-12T00:00:00,2025-07-13T00:00:00,0.0,4.97,10.359999656677246,0.0,0.0
100428,Barguna Sadar,Barguna,Barisal,BMDWRF,rf,2025-07-13T00:00:00,2025-07-14T00:00:00,0.05000000074505806,11.85,21.729999542236328,0.0,0.0
100428,Barguna Sadar,Barguna,Barisal,BMDWRF,rf,2025-07-14T00:00:00,2025-07-15T00:00:00,0.019999999552965164,12.57,29.010000228881836,0.0,0.0
100428,Barguna Sadar,Barguna,Barisal,BMDWRF,rf,2025-07-15T00:00:00,2025-07-16T00:00:00,0.10000000149011612,19.34,39.18000030517578,0.0,0.0
100428,Barguna Sadar,Barguna,Barisal,BMDWRF,rf,2025-07-16T00:00:00,2025-07-17T00:00:00,0.0,2.03,10.3100004196167,0.0,0.0
100428,Barguna Sadar,Barguna,Barisal,BMDWRF,rf,2025-07-17T00:00:00,2025-07-18T00:00:00,0.0,1.46,5.699999809265137,0.0,0.0
100428,Barguna Sadar,Barguna,Barisal,BMDWRF,rf,2025-07-18T00:00:00,2025-07-19T00:00:00,0.0,0.09,0.28999999165534973,0.0,0.0
100428,Barguna Sadar,Barguna,Barisal,BMDWRF,rf,2025-07-19T00:00:00,2025-07-20T00:00:00,0.0,0.18,0.2800000011920929,0.0,0.0
100428,Barguna Sadar,Barguna,Barisal,BMDWRF,rf,2025-07-20T00:00:00,2025-07-21T00:00:00,0.10000000149011612,0.61,0.8899999856948853,0.0,0.0
100428,Barguna Sadar,Barguna,Barisal,BMDWRF,rf,2025-07-21T00:00:00,2025-07-22T00:00:00,0.009999999776482582,1.23,5.360000133514404,0.0,0.0
100447,Betagi,Barguna,Barisal,BMDWRF,rf,2025-07-12T00:00:00,2025-07-13T00:00:00,1.9299999475479126,7.07,10.739999771118164,0.0,0.0
100447,Betagi,Barguna,Barisal,BMDWRF,rf,2025-07-13T00:00:00,2025-07-14T00:00:00,0.07000000029802322,8.45,20.780000686645508,0.0,0.0
100447,Betagi,Barguna,Barisal,BMDWRF,rf,2025-07-14T00:00:00,2025-07-15T00:00:00,0.019999999552965164,2.2,18.610000610351562,0.0,0.0
100447,Betagi,Barguna,Barisal,BMDWRF,rf,2025-07-15T00:00:00,2025-07-16T00:00:00,0.019999999552965164,36.63,49.29999923706055,0.0,0.0
100447,Betagi,Barguna,Barisal,BMDWRF,rf,2025-07-16T00:00:00,2025-07-17T00:00:00,0.0,1.88,16.540000915527344,0.0,0.0
100447,Betagi,Barguna,Barisal,BMDWRF,rf,2025-07-17T00:00:00,2025-07-18T00:00:00,0.0,0.31,4.090000152587891,0.0,0.0
100447,Betagi,Barguna,Barisal,BMDWRF,rf,2025-07-18T00:00:00,2025-07-19T00:00:00,0.0,0.05,0.3499999940395355,0.0,0.0
100447,Betagi,Barguna,Barisal,BMDWRF,rf,2025-07-19T00:00:00,2025-07-20T00:00:00,0.0,0.1,0.23999999463558197,0.0,0.0
100447,Betagi,Barguna,Barisal,BMDWRF,rf,2025-07-20T00:00:00,2025-07-21T00:00:00,0.0,0.21,0.6299999952316284,0.0,0.0
100447,Betagi,Barguna,Barisal,BMDWRF,rf,2025-07-21T00:00:00,2025-07-22T00:00:00,0.009999999776482582,3.25,5.679999828338623,0.0,0.0
100485,Patharghata,Barguna,Barisal,BMDWRF,rf,2025-07-12T00:00:00,2025-07-13T00:00:00,0.0,4.65,10.140000343322754,0.0,0.0
100485,Patharghata,Barguna,Barisal,BMDWRF,rf,2025-07-13T00:00:00,2025-07-14T00:00:00,0.029999999329447746,7.91,16.81999969482422,0.0,0.0
100485,Patharghata,Barguna,Barisal,BMDWRF,rf,2025-07-14T00:00:00,2025-07-15T00:00:00,0.029999999329447746,15.56,29.010000228881836,0.0,0.0
100485,Patharghata,Barguna,Barisal,BMDWRF,rf,2025-07-15T00:00:00,2025-07-16T00:00:00,3.2300000190734863,29.13,42.150001525878906,0.0,0.0
100485,Patharghata,Barguna,Barisal,BMDWRF,rf,2025-07-16T00:00:00,2025-07-17T00:00:00,0.0,6.62,18.559999465942383,0.0,0.0
100485,Patharghata,Barguna,Barisal,BMDWRF,rf,2025-07-17T00:00:00,2025-07-18T00:00:00,0.0,1.74,5.699999809265137,0.0,0.0
100485,Patharghata,Barguna,Barisal,BMDWRF,rf,2025-07-18T00:00:00,2025-07-19T00:00:00,0.0,0.07,0.28999999165534973,0.0,0.0
100485,Patharghata,Barguna,Barisal,BMDWRF,rf,2025-07-19T00:00:00,2025-07-20T00:00:00,0.009999999776482582,0.11,0.2800000011920929,0.0,0.0
100485,Patharghata,Barguna,Barisal,BMDWRF,rf,2025-07-20T00:00:00,2025-07-21T00:00:00,0.009999999776482582,0.21,0.6299999952316284,0.0,0.0
100485,Patharghata,Barguna,Barisal,BMDWRF,rf,2025-07-21T00:00:00,2025-07-22T00:00:00,0.0,0.39,3.109999895095825,0.0,0.0
202224,Cox's Bazar Sadar,Cox's Bazar,Chittagong,BMDWRF,rf,2025-07-12T00:00:00,2025-07-13T00:00:00,0.44999998807907104,3.9,13.350000381469727,0.0,0.0
202224,Cox's Bazar Sadar,Cox's Bazar,Chittagong,BMDWRF,rf,2025-07-13T00:00:00,2025-07-14T00:00:00,4.920000076293945,12.56,30.56999969482422,0.0,0.0
202224,Cox's Bazar Sadar,Cox's Bazar,Chittagong,BMDWRF,rf,2025-07-14T00:00:00,2025-07-15T00:00:00,15.970000267028809,33.61,56.619998931884766,0.0,0.0
202224,Cox's Bazar Sadar,Cox's Bazar,Chittagong,BMDWRF,rf,2025-07-15T00:00:00,2025-07-16T00:00:00,0.0,6.59,9.739999771118164,0.0,0.0
202224,Cox's Bazar Sadar,Cox's Bazar,Chittagong,BMDWRF,rf,2025-07-16T00:00:00,2025-07-17T00:00:00,0.05000000074505806,2.84,6.760000228881836,0.0,0.0
202224,Cox's Bazar Sadar,Cox's Bazar,Chittagong,BMDWRF,rf,2025-07-17T00:00:00,2025-07-18T00:00:00,0.029999999329447746,1.34,8.029999732971191,0.0,0.0
202224,Cox's Bazar Sadar,Cox's Bazar,Chittagong,BMDWRF,rf,2025-07-18T00:00:00,2025-07-19T00:00:00,0.05999999865889549,0.34,2.0,0.0,0.0
202224,Cox's Bazar Sadar,Cox's Bazar,Chittagong,BMDWRF,rf,2025-07-19T00:00:00,2025-07-20T00:00:00,0.009999999776482582,0.29,0.6299999952316284,0.0,0.0
202224,Cox's Bazar Sadar,Cox's Bazar,Chittagong,BMDWRF,rf,2025-07-20T00:00:00,2025-07-21T00:00:00,0.009999999776482582,0.39,1.1799999475479126,0.0,0.0
202224,Cox's Bazar Sadar,Cox's Bazar,Chittagong,BMDWRF,rf,2025-07-21T00:00:00,2025-07-22T00:00:00,0.09000000357627869,1.08,2.5399999618530273,0.0,0.0
202245,Kutubdia,Cox's Bazar,Chittagong,BMDWRF,rf,2025-07-12T00:00:00,2025-07-13T00:00:00,0.4099999964237213,4.49,7.599999904632568,0.0,0.0
202245,Kutubdia,Cox's Bazar,Chittagong,BMDWRF,rf,2025-07-13T00:00:00,2025-07-14T00:00:00,0.019999999552965164,1.46,4.46999979019165,0.0,0.0
202245,Kutubdia,Cox's Bazar,Chittagong,BMDWRF,rf,2025-07-14T00:00:00,2025-07-15T00:00:00,12.010000228881836,16.55,24.649999618530273,0.0,0.0
202245,Kutubdia,Cox's Bazar,Chittagong,BMDWRF,rf,2025-07-15T00:00:00,2025-07-16T00:00:00,0.41999998688697815,2.73,4.840000152587891,0.0,0.0
202245,Kutubdia,Cox's Bazar,Chittagong,BMDWRF,rf,2025-07-16T00:00:00,2025-07-17T00:00:00,0.23999999463558197,2.57,6.360000133514404,0.0,0.0
202245,Kutubdia,Cox's Bazar,Chittagong,BMDWRF,rf,2025-07-17T00:00:00,2025-07-18T00:00:00,0.4699999988079071,1.56,3.190000057220459,0.0,0.0
202245,Kutubdia,Cox's Bazar,Chittagong,BMDWRF,rf,2025-07-18T00:00:00,2025-07-19T00:00:00,0.3700000047683716,0.57,0.7599999904632568,0.0,0.0
202245,Kutubdia,Cox's Bazar,Chittagong,BMDWRF,rf,2025-07-19T00:00:00,2025-07-20T00:00:00,0.10999999940395355,0.49,0.800000011920929,0.0,0.0
202245,Kutubdia,Cox's Bazar,Chittagong,BMDWRF,rf,2025-07-20T00:00:00,2025-07-21T00:00:00,0.3199999928474426,0.65,0.8999999761581421,0.0,0.0
202245,Kutubdia,Cox's Bazar,Chittagong,BMDWRF,rf,2025-07-21T00:00:00,2025-07-22T00:00:00,0.3199999928474426,0.62,0.7300000190734863,0.0,0.0
202294,Ukhia,Cox's Bazar,Chittagong,BMDWRF,rf,2025-07-12T00:00:00,2025-07-13T00:00:00,0.9900000095367432,4.99,19.030000686645508,0.0,0.0
202294,Ukhia,Cox's Bazar,Chittagong,BMDWRF,rf,2025-07-13T00:00:00,2025-07-14T00:00:00,12.680000305175781,23.87,51.29999923706055,0.0,0.0
202294,Ukhia,Cox's Bazar,Chittagong,BMDWRF,rf,2025-07-14T00:00:00,2025-07-15T00:00:00,24.479999542236328,33.21,74.41000366210938,0.0,0.0
202294,Ukhia,Cox's Bazar,Chittagong,BMDWRF,rf,2025-07-15T00:00:00,2025-07-16T00:00:00,0.14000000059604645,6.05,13.619999885559082,0.0,0.0
202294,Ukhia,Cox's Bazar,Chittagong,BMDWRF,rf,2025-07-16T00:00:00,2025-07-17T00:00:00,1.9299999475479126,6.65,10.960000038146973,0.0,0.0
202294,Ukhia,Cox's Bazar,Chittagong,BMDWRF,rf,2025-07-17T00:00:00,2025-07-18T00:00:00,0.019999999552965164,2.92,9.350000381469727,0.0,0.0
202294,Ukhia,Cox's Bazar,Chittagong,BMDWRF,rf,2025-07-18T00:00:00,2025-07-19T00:00:00,0.0,0.39,1.649999976158142,0.0,0.0
202294,Ukhia,Cox's Bazar,Chittagong,BMDWRF,rf,2025-07-19T00:00:00,2025-07-20T00:00:00,0.17000000178813934,0.67,1.1699999570846558,0.0,0.0
202294,Ukhia,Cox's Bazar,Chittagong,BMDWRF,rf,2025-07-20T00:00:00,2025-07-21T00:00:00,0.2800000011920929,1.28,3.8399999141693115,0.0,0.0
202294,Ukhia,Cox's Bazar,Chittagong,BMDWRF,rf,2025-07-21T00:00:00,2025-07-22T00:00:00,0.07000000029802322,1.41,3.880000114440918,0.0,0.0
100409,Amtali,Barguna,Barisal,BMDWRF,temp,2025-07-12T00:00:00,2025-07-13T00:00:00,26.43,28.4,31.21,0.0,0.0
100409,Amtali,Barguna,Barisal,BMDWRF,temp,2025-07-13T00:00:00,2025-07-14T00:00:00,26.41,28.43,30.84,0.0,0.0
100409,Amtali,Barguna,Barisal,BMDWRF,temp,2025-07-14T00:00:00,2025-07-15T00:00:00,26.83,28.49,30.91,0.0,0.0
100409,Amtali,Barguna,Barisal,BMDWRF,temp,2025-07-15T00:00:00,2025-07-16T00:00:00,27.26,28.33,29.91,0.0,0.0
100409,Amtali,Barguna,Barisal,BMDWRF,temp,2025-07-16T00:00:00,2025-07-17T00:00:00,26.77,28.25,30.44,0.0,0.0
100409,Amtali,Barguna,Barisal,BMDWRF,temp,2025-07-17T00:00:00,2025-07-18T00:00:00,26.44,27.88,30.03,0.0,0.0
100409,Amtali,Barguna,Barisal,BMDWRF,temp,2025-07-18T00:00:00,2025-07-19T00:00:00,26.09,27.8,30.2,0.0,0.0
100409,Amtali,Barguna,Barisal,BMDWRF,temp,2025-07-19T00:00:00,2025-07-20T00:00:00,25.81,27.55,29.97,0.0,0.0
100409,Amtali,Barguna,Barisal,BMDWRF,temp,2025-07-20T00:00:00,2025-07-21T00:00:00,25.92,27.56,29.7,0.0,0.0
100409,Amtali,Barguna,Barisal,BMDWRF,temp,2025-07-21T00:00:00,2025-07-22T00:00:00,25.93,27.9,30.48,0.0,0.0
100419,Bamna,Barguna,Barisal,BMDWRF,temp,2025-07-12T00:00:00,2025-07-13T00:00:00,25.76,28.42,32.31,0.0,0.0
100419,Bamna,Barguna,Barisal,BMDWRF,temp,2025-07-13T00:00:00,2025-07-14T00:00:00,25.76,28.74,32.34,0.0,0.0
100419,Bamna,Barguna,Barisal,BMDWRF,temp,2025-07-14T00:00:00,2025-07-15T00:00:00,26.59,28.85,31.76,0.0,0.0
100419,Bamna,Barguna,Barisal,BMDWRF,temp,2025-07-15T00:00:00,2025-07-16T00:00:00,27.32,28.6,30.77,0.0,0.0
100419,Bamna,Barguna,Barisal,BMDWRF,temp,2025-07-16T00:00:00,2025-07-17T00:00:00,26.73,28.45,31.3,0.0,0.0
100419,Bamna,Barguna,Barisal,BMDWRF,temp,2025-07-17T00:00:00,2025-07-18T00:00:00,26.03,28.0,30.82,0.0,0.0
100419,Bamna,Barguna,Barisal,BMDWRF,temp,2025-07-18T00:00:00,2025-07-19T00:00:00,25.41,27.82,31.19,0.0,0.0
100419,Bamna,Barguna,Barisal,BMDWRF,temp,2025-07-19T00:00:00,2025-07-20T00:00:00,25.22,27.71,30.68,0.0,0.0
100419,Bamna,Barguna,Barisal,BMDWRF,temp,2025-07-20T00:00:00,2025-07-21T00:00:00,25.46,27.63,31.2,0.0,0.0
100419,Bamna,Barguna,Barisal,BMDWRF,temp,2025-07-21T00:00:00,2025-07-22T00:00:00,25.41,27.97,31.95,0.0,0.0
100428,Barguna Sadar,Barguna,Barisal,BMDWRF,temp,2025-07-12T00:00:00,2025-07-13T00:00:00,26.45,28.43,31.29,0.0,0.0
100428,Barguna Sadar,Barguna,Barisal,BMDWRF,temp,2025-07-13T00:00:00,2025-07-14T00:00:00,26.4,28.44,30.7,0.0,0.0
100428,Barguna Sadar,Barguna,Barisal,BMDWRF,temp,2025-07-14T00:00:00,2025-07-15T00:00:00,26.91,28.48,30.56,0.0,0.0
100428,Barguna Sadar,Barguna,Barisal,BMDWRF,temp,2025-07-15T00:00:00,2025-07-16T00:00:00,27.43,28.4,29.85,0.0,0.0
100428,Barguna Sadar,Barguna,Barisal,BMDWRF,temp,2025-07-16T00:00:00,2025-07-17T00:00:00,27.08,28.29,30.29,0.0,0.0
100428,Barguna Sadar,Barguna,Barisal,BMDWRF,temp,2025-07-17T00:00:00,2025-07-18T00:00:00,26.6,27.94,29.78,0.0,0.0
100428,Barguna Sadar,Barguna,Barisal,BMDWRF,temp,2025-07-18T00:00:00,2025-07-19T00:00:00,26.38,27.84,29.94,0.0,0.0
100428,Barguna Sadar,Barguna,Barisal,BMDWRF,temp,2025-07-19T00:00:00,2025-07-20T00:00:00,26.1,27.68,29.72,0.0,0.0
100428,Barguna Sadar,Barguna,Barisal,BMDWRF,temp,2025-07-20T00:00:00,2025-07-21T00:00:00,26.03,27.6,29.71,0.0,0.0
100428,Barguna Sadar,Barguna,Barisal,BMDWRF,temp,2025-07-21T00:00:00,2025-07-22T00:00:00,26.0,27.97,30.51,0.0,0.0
100447,Betagi,Barguna,Barisal,BMDWRF,temp,2025-07-12T00:00:00,2025-07-13T00:00:00,25.78,28.46,32.37,0.0,0.0
100447,Betagi,Barguna,Barisal,BMDWRF,temp,2025-07-13T00:00:00,2025-07-14T00:00:00,25.78,28.71,32.38,0.0,0.0
100447,Betagi,Barguna,Barisal,BMDWRF,temp,2025-07-14T00:00:00,2025-07-15T00:00:00,26.64,28.86,31.91,0.0,0.0
100447,Betagi,Barguna,Barisal,BMDWRF,temp,2025-07-15T00:00:00,2025-07-16T00:00:00,27.2,28.58,30.86,0.0,0.0
100447,Betagi,Barguna,Barisal,BMDWRF,temp,2025-07-16T00:00:00,2025-07-17T00:00:00,26.54,28.43,31.49,0.0,0.0
100447,Betagi,Barguna,Barisal,BMDWRF,temp,2025-07-17T00:00:00,2025-07-18T00:00:00,26.0,28.05,31.03,0.0,0.0
100447,Betagi,Barguna,Barisal,BMDWRF,temp,2025-07-18T00:00:00,2025-07-19T00:00:00,25.37,27.9,31.4,0.0,0.0
100447,Betagi,Barguna,Barisal,BMDWRF,temp,2025-07-19T00:00:00,2025-07-20T00:00:00,25.1,27.69,30.95,0.0,0.0
100447,Betagi,Barguna,Barisal,BMDWRF,temp,2025-07-20T00:00:00,2025-07-21T00:00:00,25.43,27.54,31.27,0.0,0.0
100447,Betagi,Barguna,Barisal,BMDWRF,temp,2025-07-21T00:00:00,2025-07-22T00:00:00,25.38,27.92,31.78,0.0,0.0
100485,Patharghata,Barguna,Barisal,BMDWRF,temp,2025-07-12T00:00:00,2025-07-13T00:00:00,26.52,28.3,30.57,0.0,0.0
100485,Patharghata,Barguna,Barisal,BMDWRF,temp,2025-07-13T00:00:00,2025-07-14T00:00:00,26.54,28.44,30.46,0.0,0.0
100485,Patharghata,Barguna,Barisal,BMDWRF,temp,2025-07-14T00:00:00,2025-07-15T00:00:00,27.26,28.51,30.16,0.0,0.0
100485,Patharghata,Barguna,Barisal,BMDWRF,temp,2025-07-15T00:00:00,2025-07-16T00:00:00,27.73,28.41,29.51,0.0,0.0
100485,Patharghata,Barguna,Barisal,BMDWRF,temp,2025-07-16T00:00:00,2025-07-17T00:00:00,27.48,28.32,29.71,0.0,0.0
100485,Patharghata,Barguna,Barisal,BMDWRF,temp,2025-07-17T00:00:00,2025-07-18T00:00:00,26.98,28.01,29.41,0.0,0.0
100485,Patharghata,Barguna,Barisal,BMDWRF,temp,2025-07-18T00:00:00,2025-07-19T00:00:00,26.7,27.84,29.52,0.0,0.0
100485,Patharghata,Barguna,Barisal,BMDWRF,temp,2025-07-19T00:00:00,2025-07-20T00:00:00,26.55,27.73,29.2,0.0,0.0
100485,Patharghata,Barguna,Barisal,BMDWRF,temp,2025-07-20T00:00:00,2025-07-21T00:00:00,26.39,27.71,29.41,0.0,0.0
100485,Patharghata,Barguna,Barisal,BMDWRF,temp,2025-07-21T00:00:00,2025-07-22T00:00:00,26.26,27.89,30.03,0.0,0.0
202224,Cox's Bazar Sadar,Cox's Bazar,Chittagong,BMDWRF,temp,2025-07-12T00:00:00,2025-07-13T00:00:00,25.48,27.03,29.9,0.0,0.0
202224,Cox's Bazar Sadar,Cox's Bazar,Chittagong,BMDWRF,temp,2025-07-13T00:00:00,2025-07-14T00:00:00,25.6,27.39,29.99,0.0,0.0
202224,Cox's Bazar Sadar,Cox's Bazar,Chittagong,BMDWRF,temp,2025-07-14T00:00:00,2025-07-15T00:00:00,25.6,27.23,29.33,0.0,0.0
202224,Cox's Bazar Sadar,Cox's Bazar,Chittagong,BMDWRF,temp,2025-07-15T00:00:00,2025-07-16T00:00:00,25.49,27.48,30.31,0.0,0.0
202224,Cox's Bazar Sadar,Cox's Bazar,Chittagong,BMDWRF,temp,2025-07-16T00:00:00,2025-07-17T00:00:00,25.21,27.28,30.37,0.0,0.0
202224,Cox's Bazar Sadar,Cox's Bazar,Chittagong,BMDWRF,temp,2025-07-17T00:00:00,2025-07-18T00:00:00,24.24,26.63,29.69,0.0,0.0
202224,Cox's Bazar Sadar,Cox's Bazar,Chittagong,BMDWRF,temp,2025-07-18T00:00:00,2025-07-19T00:00:00,24.04,26.64,30.15,0.0,0.0
202224,Cox's Bazar Sadar,Cox's Bazar,Chittagong,BMDWRF,temp,2025-07-19T00:00:00,2025-07-20T00:00:00,24.01,26.49,29.65,0.0,0.0
202224,Cox's Bazar Sadar,Cox's Bazar,Chittagong,BMDWRF,temp,2025-07-20T00:00:00,2025-07-21T00:00:00,24.04,26.65,29.74,0.0,0.0
202224,Cox's Bazar Sadar,Cox's Bazar,Chittagong,BMDWRF,temp,2025-07-21T00:00:00,2025-07-22T00:00:00,25.0,27.32,30.26,0.0,0.0
202245,Kutubdia,Cox's Bazar,Chittagong,BMDWRF,temp,2025-07-12T00:00:00,2025-07-13T00:00:00,26.3,27.51,28.73,0.0,0.0
202245,Kutubdia,Cox's Bazar,Chittagong,BMDWRF,temp,2025-07-13T00:00:00,2025-07-14T00:00:00,26.3,27.47,29.04,0.0,0.0
202245,Kutubdia,Cox's Bazar,Chittagong,BMDWRF,temp,2025-07-14T00:00:00,2025-07-15T00:00:00,26.27,27.48,29.04,0.0,0.0
202245,Kutubdia,Cox's Bazar,Chittagong,BMDWRF,temp,2025-07-15T00:00:00,2025-07-16T00:00:00,26.28,27.87,29.58,0.0,0.0
202245,Kutubdia,Cox's Bazar,Chittagong,BMDWRF,temp,2025-07-16T00:00:00,2025-07-17T00:00:00,26.16,27.69,29.26,0.0,0.0
202245,Kutubdia,Cox's Bazar,Chittagong,BMDWRF,temp,2025-07-17T00:00:00,2025-07-18T00:00:00,25.19,27.09,28.56,0.0,0.0
202245,Kutubdia,Cox's Bazar,Chittagong,BMDWRF,temp,2025-07-18T00:00:00,2025-07-19T00:00:00,25.0,27.01,28.72,0.0,0.0
202245,Kutubdia,Cox's Bazar,Chittagong,BMDWRF,temp,2025-07-19T00:00:00,2025-07-20T00:00:00,25.05,26.89,28.49,0.0,0.0
202245,Kutubdia,Cox's Bazar,Chittagong,BMDWRF,temp,2025-07-20T00:00:00,2025-07-21T00:00:00,25.23,26.97,28.53,0.0,0.0
202245,Kutubdia,Cox's Bazar,Chittagong,BMDWRF,temp,2025-07-21T00:00:00,2025-07-22T00:00:00,25.76,27.49,28.72,0.0,0.0
202294,Ukhia,Cox's Bazar,Chittagong,BMDWRF,temp,2025-07-12T00:00:00,2025-07-13T00:00:00,25.59,26.9,28.84,0.0,0.0
202294,Ukhia,Cox's Bazar,Chittagong,BMDWRF,temp,2025-07-13T00:00:00,2025-07-14T00:00:00,25.64,27.36,29.42,0.0,0.0
202294,Ukhia,Cox's Bazar,Chittagong,BMDWRF,temp,2025-07-14T00:00:00,2025-07-15T00:00:00,25.92,27.29,28.83,0.0,0.0
202294,Ukhia,Cox's Bazar,Chittagong,BMDWRF,temp,2025-07-15T00:00:00,2025-07-16T00:00:00,25.9,27.35,29.34,0.0,0.0
202294,Ukhia,Cox's Bazar,Chittagong,BMDWRF,temp,2025-07-16T00:00:00,2025-07-17T00:00:00,25.71,27.22,29.41,0.0,0.0
202294,Ukhia,Cox's Bazar,Chittagong,BMDWRF,temp,2025-07-17T00:00:00,2025-07-18T00:00:00,24.55,26.6,28.92,0.0,0.0
202294,Ukhia,Cox's Bazar,Chittagong,BMDWRF,temp,2025-07-18T00:00:00,2025-07-19T00:00:00,24.55,26.64,29.32,0.0,0.0
202294,Ukhia,Cox's Bazar,Chittagong,BMDWRF,temp,2025-07-19T00:00:00,2025-07-20T00:00:00,24.56,26.5,28.9,0.0,0.0
202294,Ukhia,Cox's Bazar,Chittagong,BMDWRF,temp,2025-07-20T00:00:00,2025-07-21T00:00:00,24.55,26.62,29.01,0.0,0.0
202294,Ukhia,Cox's Bazar,Chittagong,BMDWRF,temp,2025-07-21T00:00:00,2025-07-22T00:00:00,25.21,27.12,29.32,0.0,0.0
100409,Amtali,Barguna,Barisal,BMDWRF,rh,2025-07-12T00:00:00,2025-07-13T00:00:00,69.02999877929688,87.96,100.0,0.0,0.0
100409,Amtali,Barguna,Barisal,BMDWRF,rh,2025-07-13T00:00:00,2025-07-14T00:00:00,68.72000122070312,91.4,100.0,0.0,0.0
100409,Amtali,Barguna,Barisal,BMDWRF,rh,2025-07-14T00:00:00,2025-07-15T00:00:00,69.95999908447266,91.16,100.0,0.0,0.0
100409,Amtali,Barguna,Barisal,BMDWRF,rh,2025-07-15T00:00:00,2025-07-16T00:00:00,80.16999816894531,92.97,97.87000274658203,0.0,0.0
100409,Amtali,Barguna,Barisal,BMDWRF,rh,2025-07-16T00:00:00,2025-07-17T00:00:00,75.43000030517578,90.68,98.0,0.0,0.0
100409,Amtali,Barguna,Barisal,BMDWRF,rh,2025-07-17T00:00:00,2025-07-18T00:00:00,75.13999938964844,89.65,98.22000122070312,0.0,0.0
100409,Amtali,Barguna,Barisal,BMDWRF,rh,2025-07-18T00:00:00,2025-07-19T00:00:00,66.88999938964844,87.16,98.0199966430664,0.0,0.0
100409,Amtali,Barguna,Barisal,BMDWRF,rh,2025-07-19T00:00:00,2025-07-20T00:00:00,72.13999938964844,87.22,98.94000244140625,0.0,0.0
100409,Amtali,Barguna,Barisal,BMDWRF,rh,2025-07-20T00:00:00,2025-07-21T00:00:00,72.91999816894531,88.88,99.66000366210938,0.0,0.0
100409,Amtali,Barguna,Barisal,BMDWRF,rh,2025-07-21T00:00:00,2025-07-22T00:00:00,72.02999877929688,90.29,100.0,0.0,0.0
100419,Bamna,Barguna,Barisal,BMDWRF,rh,2025-07-12T00:00:00,2025-07-13T00:00:00,67.77999877929688,87.46,100.0,0.0,0.0
100419,Bamna,Barguna,Barisal,BMDWRF,rh,2025-07-13T00:00:00,2025-07-14T00:00:00,67.91000366210938,88.55,100.0,0.0,0.0
100419,Bamna,Barguna,Barisal,BMDWRF,rh,2025-07-14T00:00:00,2025-07-15T00:00:00,70.72000122070312,89.47,100.0,0.0,0.0
100419,Bamna,Barguna,Barisal,BMDWRF,rh,2025-07-15T00:00:00,2025-07-16T00:00:00,81.06999969482422,91.62,97.72000122070312,0.0,0.0
100419,Bamna,Barguna,Barisal,BMDWRF,rh,2025-07-16T00:00:00,2025-07-17T00:00:00,75.68000030517578,89.88,97.73999786376953,0.0,0.0
100419,Bamna,Barguna,Barisal,BMDWRF,rh,2025-07-17T00:00:00,2025-07-18T00:00:00,75.25,89.19,98.05000305175781,0.0,0.0
100419,Bamna,Barguna,Barisal,BMDWRF,rh,2025-07-18T00:00:00,2025-07-19T00:00:00,64.25,86.49,98.66999816894531,0.0,0.0
100419,Bamna,Barguna,Barisal,BMDWRF,rh,2025-07-19T00:00:00,2025-07-20T00:00:00,71.02999877929688,86.57,98.18000030517578,0.0,0.0
100419,Bamna,Barguna,Barisal,BMDWRF,rh,2025-07-20T00:00:00,2025-07-21T00:00:00,67.52999877929688,87.77,99.47000122070312,0.0,0.0
100419,Bamna,Barguna,Barisal,BMDWRF,rh,2025-07-21T00:00:00,2025-07-22T00:00:00,69.27999877929688,89.14,100.0,0.0,0.0
100428,Barguna Sadar,Barguna,Barisal,BMDWRF,rh,2025-07-12T00:00:00,2025-07-13T00:00:00,67.77999877929688,88.01,100.0,0.0,0.0
100428,Barguna Sadar,Barguna,Barisal,BMDWRF,rh,2025-07-13T00:00:00,2025-07-14T00:00:00,71.51000213623047,91.35,100.0,0.0,0.0
100428,Barguna Sadar,Barguna,Barisal,BMDWRF,rh,2025-07-14T00:00:00,2025-07-15T00:00:00,71.6500015258789,91.51,100.0,0.0,0.0
100428,Barguna Sadar,Barguna,Barisal,BMDWRF,rh,2025-07-15T00:00:00,2025-07-16T00:00:00,82.4000015258789,93.19,97.93000030517578,0.0,0.0
100428,Barguna Sadar,Barguna,Barisal,BMDWRF,rh,2025-07-16T00:00:00,2025-07-17T00:00:00,75.43000030517578,91.06,97.63999938964844,0.0,0.0
100428,Barguna Sadar,Barguna,Barisal,BMDWRF,rh,2025-07-17T00:00:00,2025-07-18T00:00:00,78.43000030517578,89.69,97.16000366210938,0.0,0.0
100428,Barguna Sadar,Barguna,Barisal,BMDWRF,rh,2025-07-18T00:00:00,2025-07-19T00:00:00,70.54000091552734,86.94,97.5999984741211,0.0,0.0
100428,Barguna Sadar,Barguna,Barisal,BMDWRF,rh,2025-07-19T00:00:00,2025-07-20T00:00:00,74.30999755859375,86.92,97.19999694824219,0.0,0.0
100428,Barguna Sadar,Barguna,Barisal,BMDWRF,rh,2025-07-20T00:00:00,2025-07-21T00:00:00,69.36000061035156,88.73,98.80999755859375,0.0,0.0
100428,Barguna Sadar,Barguna,Barisal,BMDWRF,rh,2025-07-21T00:00:00,2025-07-22T00:00:00,70.3499984741211,90.07,100.0,0.0,0.0
100447,Betagi,Barguna,Barisal,BMDWRF,rh,2025-07-12T00:00:00,2025-07-13T00:00:00,67.77999877929688,87.44,100.0,0.0,0.0
100447,Betagi,Barguna,Barisal,BMDWRF,rh,2025-07-13T00:00:00,2025-07-14T00:00:00,67.91000366210938,88.74,100.0,0.0,0.0
100447,Betagi,Barguna,Barisal,BMDWRF,rh,2025-07-14T00:00:00,2025-07-15T00:00:00,69.95999908447266,89.01,100.0,0.0,0.0
100447,Betagi,Barguna,Barisal,BMDWRF,rh,2025-07-15T00:00:00,2025-07-16T00:00:00,80.4000015258789,91.27,97.93000030517578,0.0,0.0
100447,Betagi,Barguna,Barisal,BMDWRF,rh,2025-07-16T00:00:00,2025-07-17T00:00:00,74.73999786376953,89.46,98.13999938964844,0.0,0.0
100447,Betagi,Barguna,Barisal,BMDWRF,rh,2025-07-17T00:00:00,2025-07-18T00:00:00,74.62999725341797,88.76,98.05000305175781,0.0,0.0
100447,Betagi,Barguna,Barisal,BMDWRF,rh,2025-07-18T00:00:00,2025-07-19T00:00:00,62.54999923706055,85.94,99.02999877929688,0.0,0.0
100447,Betagi,Barguna,Barisal,BMDWRF,rh,2025-07-19T00:00:00,2025-07-20T00:00:00,69.37000274658203,86.39,98.56999969482422,0.0,0.0
100447,Betagi,Barguna,Barisal,BMDWRF,rh,2025-07-20T00:00:00,2025-07-21T00:00:00,68.31999969482422,88.33,100.0,0.0,0.0
100447,Betagi,Barguna,Barisal,BMDWRF,rh,2025-07-21T00:00:00,2025-07-22T00:00:00,69.27999877929688,89.62,100.0,0.0,0.0
100485,Patharghata,Barguna,Barisal,BMDWRF,rh,2025-07-12T00:00:00,2025-07-13T00:00:00,67.77999877929688,88.68,100.0,0.0,0.0
100485,Patharghata,Barguna,Barisal,BMDWRF,rh,2025-07-13T00:00:00,2025-07-14T00:00:00,70.94999694824219,91.93,100.0,0.0,0.0
100485,Patharghata,Barguna,Barisal,BMDWRF,rh,2025-07-14T00:00:00,2025-07-15T00:00:00,74.26000213623047,92.05,100.0,0.0,0.0
100485,Patharghata,Barguna,Barisal,BMDWRF,rh,2025-07-15T00:00:00,2025-07-16T00:00:00,82.4000015258789,93.79,97.2300033569336,0.0,0.0
100485,Patharghata,Barguna,Barisal,BMDWRF,rh,2025-07-16T00:00:00,2025-07-17T00:00:00,80.30000305175781,91.98,96.0,0.0,0.0
100485,Patharghata,Barguna,Barisal,BMDWRF,rh,2025-07-17T00:00:00,2025-07-18T00:00:00,79.58999633789062,89.81,97.01000213623047,0.0,0.0
100485,Patharghata,Barguna,Barisal,BMDWRF,rh,2025-07-18T00:00:00,2025-07-19T00:00:00,71.73999786376953,87.32,97.01000213623047,0.0,0.0
100485,Patharghata,Barguna,Barisal,BMDWRF,rh,2025-07-19T00:00:00,2025-07-20T00:00:00,75.61000061035156,87.21,95.83999633789062,0.0,0.0
100485,Patharghata,Barguna,Barisal,BMDWRF,rh,2025-07-20T00:00:00,2025-07-21T00:00:00,69.36000061035156,88.27,99.33999633789062,0.0,0.0
100485,Patharghata,Barguna,Barisal,BMDWRF,rh,2025-07-21T00:00:00,2025-07-22T00:00:00,70.3499984741211,90.49,100.0,0.0,0.0
202224,Cox's Bazar Sadar,Cox's Bazar,Chittagong,BMDWRF,rh,2025-07-12T00:00:00,2025-07-13T00:00:00,76.91000366210938,92.51,100.0,0.0,0.0
202224,Cox's Bazar Sadar,Cox's Bazar,Chittagong,BMDWRF,rh,2025-07-13T00:00:00,2025-07-14T00:00:00,72.41000366210938,92.17,99.20999908447266,0.0,0.0
202224,Cox's Bazar Sadar,Cox's Bazar,Chittagong,BMDWRF,rh,2025-07-14T00:00:00,2025-07-15T00:00:00,82.37000274658203,93.47,98.45999908447266,0.0,0.0
202224,Cox's Bazar Sadar,Cox's Bazar,Chittagong,BMDWRF,rh,2025-07-15T00:00:00,2025-07-16T00:00:00,72.69999694824219,90.16,99.2699966430664,0.0,0.0
202224,Cox's Bazar Sadar,Cox's Bazar,Chittagong,BMDWRF,rh,2025-07-16T00:00:00,2025-07-17T00:00:00,71.22000122070312,90.4,100.0,0.0,0.0
202224,Cox's Bazar Sadar,Cox's Bazar,Chittagong,BMDWRF,rh,2025-07-17T00:00:00,2025-07-18T00:00:00,75.93000030517578,91.98,100.0,0.0,0.0
202224,Cox's Bazar Sadar,Cox's Bazar,Chittagong,BMDWRF,rh,2025-07-18T00:00:00,2025-07-19T00:00:00,64.94999694824219,89.66,100.0,0.0,0.0
202224,Cox's Bazar Sadar,Cox's Bazar,Chittagong,BMDWRF,rh,2025-07-19T00:00:00,2025-07-20T00:00:00,67.9000015258789,89.85,100.0,0.0,0.0
202224,Cox's Bazar Sadar,Cox's Bazar,Chittagong,BMDWRF,rh,2025-07-20T00:00:00,2025-07-21T00:00:00,67.54000091552734,90.73,100.0,0.0,0.0
202224,Cox's Bazar Sadar,Cox's Bazar,Chittagong,BMDWRF,rh,2025-07-21T00:00:00,2025-07-22T00:00:00,72.44000244140625,90.2,100.0,0.0,0.0
202245,Kutubdia,Cox's Bazar,Chittagong,BMDWRF,rh,2025-07-12T00:00:00,2025-07-13T00:00:00,74.68000030517578,90.8,97.3499984741211,0.0,0.0
202245,Kutubdia,Cox's Bazar,Chittagong,BMDWRF,rh,2025-07-13T00:00:00,2025-07-14T00:00:00,74.08000183105469,92.86,97.4800033569336,0.0,0.0
202245,Kutubdia,Cox's Bazar,Chittagong,BMDWRF,rh,2025-07-14T00:00:00,2025-07-15T00:00:00,80.12000274658203,93.06,96.95999908447266,0.0,0.0
202245,Kutubdia,Cox's Bazar,Chittagong,BMDWRF,rh,2025-07-15T00:00:00,2025-07-16T00:00:00,66.30999755859375,88.95,95.62999725341797,0.0,0.0
202245,Kutubdia,Cox's Bazar,Chittagong,BMDWRF,rh,2025-07-16T00:00:00,2025-07-17T00:00:00,67.08000183105469,89.44,96.2699966430664,0.0,0.0
202245,Kutubdia,Cox's Bazar,Chittagong,BMDWRF,rh,2025-07-17T00:00:00,2025-07-18T00:00:00,75.68000030517578,91.38,97.45999908447266,0.0,0.0
202245,Kutubdia,Cox's Bazar,Chittagong,BMDWRF,rh,2025-07-18T00:00:00,2025-07-19T00:00:00,67.94000244140625,90.03,99.83000183105469,0.0,0.0
202245,Kutubdia,Cox's Bazar,Chittagong,BMDWRF,rh,2025-07-19T00:00:00,2025-07-20T00:00:00,69.45999908447266,89.83,99.83000183105469,0.0,0.0
202245,Kutubdia,Cox's Bazar,Chittagong,BMDWRF,rh,2025-07-20T00:00:00,2025-07-21T00:00:00,71.52999877929688,90.52,99.58000183105469,0.0,0.0
202245,Kutubdia,Cox's Bazar,Chittagong,BMDWRF,rh,2025-07-21T00:00:00,2025-07-22T00:00:00,73.8499984741211,90.37,98.0999984741211,0.0,0.0
202294,Ukhia,Cox's Bazar,Chittagong,BMDWRF,rh,2025-07-12T00:00:00,2025-07-13T00:00:00,79.33000183105469,93.46,100.0,0.0,0.0
202294,Ukhia,Cox's Bazar,Chittagong,BMDWRF,rh,2025-07-13T00:00:00,2025-07-14T00:00:00,75.2300033569336,92.87,100.0,0.0,0.0
202294,Ukhia,Cox's Bazar,Chittagong,BMDWRF,rh,2025-07-14T00:00:00,2025-07-15T00:00:00,82.30999755859375,93.57,99.44999694824219,0.0,0.0
202294,Ukhia,Cox's Bazar,Chittagong,BMDWRF,rh,2025-07-15T00:00:00,2025-07-16T00:00:00,74.37999725341797,91.3,99.7699966430664,0.0,0.0
202294,Ukhia,Cox's Bazar,Chittagong,BMDWRF,rh,2025-07-16T00:00:00,2025-07-17T00:00:00,72.83999633789062,91.42,99.91000366210938,0.0,0.0
202294,Ukhia,Cox's Bazar,Chittagong,BMDWRF,rh,2025-07-17T00:00:00,2025-07-18T00:00:00,76.12999725341797,93.07,100.0,0.0,0.0
202294,Ukhia,Cox's Bazar,Chittagong,BMDWRF,rh,2025-07-18T00:00:00,2025-07-19T00:00:00,67.43000030517578,90.42,100.0,0.0,0.0
202294,Ukhia,Cox's Bazar,Chittagong,BMDWRF,rh,2025-07-19T00:00:00,2025-07-20T00:00:00,72.55999755859375,90.43,100.0,0.0,0.0
202294,Ukhia,Cox's Bazar,Chittagong,BMDWRF,rh,2025-07-20T00:00:00,2025-07-21T00:00:00,73.94999694824219,91.86,100.0,0.0,0.0
202294,Ukhia,Cox's Bazar,Chittagong,BMDWRF,rh,2025-07-21T00:00:00,2025-07-22T00:00:00,74.1500015258789,91.71,100.0,0.0,0.0
100409,Amtali,Barguna,Barisal,BMDWRF,smois,2025-07-12T00:00:00,2025-07-13T00:00:00,0.3499999940395355,0.47,1.0,0.0,0.0
100409,Amtali,Barguna,Barisal,BMDWRF,smois,2025-07-13T00:00:00,2025-07-14T00:00:00,0.3400000035762787,0.48,1.0,0.0,0.0
100409,Amtali,Barguna,Barisal,BMDWRF,smois,2025-07-14T00:00:00,2025-07-15T00:00:00,0.33000001311302185,0.48,1.0,0.0,0.0
100409,Amtali,Barguna,Barisal,BMDWRF,smois,2025-07-15T00:00:00,2025-07-16T00:00:00,0.33000001311302185,0.49,1.0,0.0,0.0
100409,Amtali,Barguna,Barisal,BMDWRF,smois,2025-07-16T00:00:00,2025-07-17T00:00:00,0.33000001311302185,0.48,1.0,0.0,0.0
100409,Amtali,Barguna,Barisal,BMDWRF,smois,2025-07-17T00:00:00,2025-07-18T00:00:00,0.3199999928474426,0.47,1.0,0.0,0.0
100409,Amtali,Barguna,Barisal,BMDWRF,smois,2025-07-18T00:00:00,2025-07-19T00:00:00,0.3199999928474426,0.47,1.0,0.0,0.0
100409,Amtali,Barguna,Barisal,BMDWRF,smois,2025-07-19T00:00:00,2025-07-20T00:00:00,0.3100000023841858,0.47,1.0,0.0,0.0
100409,Amtali,Barguna,Barisal,BMDWRF,smois,2025-07-20T00:00:00,2025-07-21T00:00:00,0.3100000023841858,0.46,1.0,0.0,0.0
100409,Amtali,Barguna,Barisal,BMDWRF,smois,2025-07-21T00:00:00,2025-07-22T00:00:00,0.3100000023841858,0.46,1.0,0.0,0.0
100419,Bamna,Barguna,Barisal,BMDWRF,smois,2025-07-12T00:00:00,2025-07-13T00:00:00,0.3400000035762787,0.36,0.3799999952316284,0.0,0.0
100419,Bamna,Barguna,Barisal,BMDWRF,smois,2025-07-13T00:00:00,2025-07-14T00:00:00,0.3400000035762787,0.36,0.38999998569488525,0.0,0.0
100419,Bamna,Barguna,Barisal,BMDWRF,smois,2025-07-14T00:00:00,2025-07-15T00:00:00,0.33000001311302185,0.35,0.4000000059604645,0.0,0.0
100419,Bamna,Barguna,Barisal,BMDWRF,smois,2025-07-15T00:00:00,2025-07-16T00:00:00,0.33000001311302185,0.36,0.4000000059604645,0.0,0.0
100419,Bamna,Barguna,Barisal,BMDWRF,smois,2025-07-16T00:00:00,2025-07-17T00:00:00,0.33000001311302185,0.35,0.38999998569488525,0.0,0.0
100419,Bamna,Barguna,Barisal,BMDWRF,smois,2025-07-17T00:00:00,2025-07-18T00:00:00,0.3199999928474426,0.34,0.38999998569488525,0.0,0.0
100419,Bamna,Barguna,Barisal,BMDWRF,smois,2025-07-18T00:00:00,2025-07-19T00:00:00,0.3199999928474426,0.34,0.3799999952316284,0.0,0.0
100419,Bamna,Barguna,Barisal,BMDWRF,smois,2025-07-19T00:00:00,2025-07-20T00:00:00,0.3100000023841858,0.33,0.3700000047683716,0.0,0.0
100419,Bamna,Barguna,Barisal,BMDWRF,smois,2025-07-20T00:00:00,2025-07-21T00:00:00,0.3100000023841858,0.33,0.3700000047683716,0.0,0.0
100419,Bamna,Barguna,Barisal,BMDWRF,smois,2025-07-21T00:00:00,2025-07-22T00:00:00,0.3100000023841858,0.33,0.36000001430511475,0.0,0.0
100428,Barguna Sadar,Barguna,Barisal,BMDWRF,smois,2025-07-12T00:00:00,2025-07-13T00:00:00,0.3700000047683716,0.5,1.0,0.0,0.0
100428,Barguna Sadar,Barguna,Barisal,BMDWRF,smois,2025-07-13T00:00:00,2025-07-14T00:00:00,0.3799999952316284,0.5,1.0,0.0,0.0
100428,Barguna Sadar,Barguna,Barisal,BMDWRF,smois,2025-07-14T00:00:00,2025-07-15T00:00:00,0.3799999952316284,0.5,1.0,0.0,0.0
100428,Barguna Sadar,Barguna,Barisal,BMDWRF,smois,2025-07-15T00:00:00,2025-07-16T00:00:00,0.3700000047683716,0.51,1.0,0.0,0.0
100428,Barguna Sadar,Barguna,Barisal,BMDWRF,smois,2025-07-16T00:00:00,2025-07-17T00:00:00,0.3700000047683716,0.51,1.0,0.0,0.0
100428,Barguna Sadar,Barguna,Barisal,BMDWRF,smois,2025-07-17T00:00:00,2025-07-18T00:00:00,0.36000001430511475,0.5,1.0,0.0,0.0
100428,Barguna Sadar,Barguna,Barisal,BMDWRF,smois,2025-07-18T00:00:00,2025-07-19T00:00:00,0.36000001430511475,0.5,1.0,0.0,0.0
100428,Barguna Sadar,Barguna,Barisal,BMDWRF,smois,2025-07-19T00:00:00,2025-07-20T00:00:00,0.3499999940395355,0.49,1.0,0.0,0.0
100428,Barguna Sadar,Barguna,Barisal,BMDWRF,smois,2025-07-20T00:00:00,2025-07-21T00:00:00,0.3499999940395355,0.49,1.0,0.0,0.0
100428,Barguna Sadar,Barguna,Barisal,BMDWRF,smois,2025-07-21T00:00:00,2025-07-22T00:00:00,0.3400000035762787,0.49,1.0,0.0,0.0
100447,Betagi,Barguna,Barisal,BMDWRF,smois,2025-07-12T00:00:00,2025-07-13T00:00:00,0.33000001311302185,0.36,0.3799999952316284,0.0,0.0
100447,Betagi,Barguna,Barisal,BMDWRF,smois,2025-07-13T00:00:00,2025-07-14T00:00:00,0.33000001311302185,0.35,0.38999998569488525,0.0,0.0
100447,Betagi,Barguna,Barisal,BMDWRF,smois,2025-07-14T00:00:00,2025-07-15T00:00:00,0.3199999928474426,0.35,0.4000000059604645,0.0,0.0
100447,Betagi,Barguna,Barisal,BMDWRF,smois,2025-07-15T00:00:00,2025-07-16T00:00:00,0.3199999928474426,0.36,0.4000000059604645,0.0,0.0
100447,Betagi,Barguna,Barisal,BMDWRF,smois,2025-07-16T00:00:00,2025-07-17T00:00:00,0.33000001311302185,0.35,0.38999998569488525,0.0,0.0
100447,Betagi,Barguna,Barisal,BMDWRF,smois,2025-07-17T00:00:00,2025-07-18T00:00:00,0.3199999928474426,0.34,0.38999998569488525,0.0,0.0
100447,Betagi,Barguna,Barisal,BMDWRF,smois,2025-07-18T00:00:00,2025-07-19T00:00:00,0.3199999928474426,0.33,0.3799999952316284,0.0,0.0
100447,Betagi,Barguna,Barisal,BMDWRF,smois,2025-07-19T00:00:00,2025-07-20T00:00:00,0.3100000023841858,0.33,0.3700000047683716,0.0,0.0
100447,Betagi,Barguna,Barisal,BMDWRF,smois,2025-07-20T00:00:00,2025-07-21T00:00:00,0.3100000023841858,0.33,0.3700000047683716,0.0,0.0
100447,Betagi,Barguna,Barisal,BMDWRF,smois,2025-07-21T00:00:00,2025-07-22T00:00:00,0.3100000023841858,0.33,0.36000001430511475,0.0,0.0
100485,Patharghata,Barguna,Barisal,BMDWRF,smois,2025-07-12T00:00:00,2025-07-13T00:00:00,0.3700000047683716,0.57,1.0,0.0,0.0
100485,Patharghata,Barguna,Barisal,BMDWRF,smois,2025-07-13T00:00:00,2025-07-14T00:00:00,0.3700000047683716,0.57,1.0,0.0,0.0
100485,Patharghata,Barguna,Barisal,BMDWRF,smois,2025-07-14T00:00:00,2025-07-15T00:00:00,0.3700000047683716,0.57,1.0,0.0,0.0
100485,Patharghata,Barguna,Barisal,BMDWRF,smois,2025-07-15T00:00:00,2025-07-16T00:00:00,0.3700000047683716,0.58,1.0,0.0,0.0
100485,Patharghata,Barguna,Barisal,BMDWRF,smois,2025-07-16T00:00:00,2025-07-17T00:00:00,0.3700000047683716,0.58,1.0,0.0,0.0
100485,Patharghata,Barguna,Barisal,BMDWRF,smois,2025-07-17T00:00:00,2025-07-18T00:00:00,0.3700000047683716,0.57,1.0,0.0,0.0
100485,Patharghata,Barguna,Barisal,BMDWRF,smois,2025-07-18T00:00:00,2025-07-19T00:00:00,0.36000001430511475,0.57,1.0,0.0,0.0
100485,Patharghata,Barguna,Barisal,BMDWRF,smois,2025-07-19T00:00:00,2025-07-20T00:00:00,0.36000001430511475,0.57,1.0,0.0,0.0
100485,Patharghata,Barguna,Barisal,BMDWRF,smois,2025-07-20T00:00:00,2025-07-21T00:00:00,0.3499999940395355,0.56,1.0,0.0,0.0
100485,Patharghata,Barguna,Barisal,BMDWRF,smois,2025-07-21T00:00:00,2025-07-22T00:00:00,0.3499999940395355,0.56,1.0,0.0,0.0
202224,Cox's Bazar Sadar,Cox's Bazar,Chittagong,BMDWRF,smois,2025-07-12T00:00:00,2025-07-13T00:00:00,0.3199999928474426,0.4,1.0,0.0,0.0
202224,Cox's Bazar Sadar,Cox's Bazar,Chittagong,BMDWRF,smois,2025-07-13T00:00:00,2025-07-14T00:00:00,0.3100000023841858,0.4,1.0,0.0,0.0
202224,Cox's Bazar Sadar,Cox's Bazar,Chittagong,BMDWRF,smois,2025-07-14T00:00:00,2025-07-15T00:00:00,0.3199999928474426,0.42,1.0,0.0,0.0
202224,Cox's Bazar Sadar,Cox's Bazar,Chittagong,BMDWRF,smois,2025-07-15T00:00:00,2025-07-16T00:00:00,0.33000001311302185,0.42,1.0,0.0,0.0
202224,Cox's Bazar Sadar,Cox's Bazar,Chittagong,BMDWRF,smois,2025-07-16T00:00:00,2025-07-17T00:00:00,0.3199999928474426,0.41,1.0,0.0,0.0
202224,Cox's Bazar Sadar,Cox's Bazar,Chittagong,BMDWRF,smois,2025-07-17T00:00:00,2025-07-18T00:00:00,0.3199999928474426,0.4,1.0,0.0,0.0
202224,Cox's Bazar Sadar,Cox's Bazar,Chittagong,BMDWRF,smois,2025-07-18T00:00:00,2025-07-19T00:00:00,0.3100000023841858,0.4,1.0,0.0,0.0
202224,Cox's Bazar Sadar,Cox's Bazar,Chittagong,BMDWRF,smois,2025-07-19T00:00:00,2025-07-20T00:00:00,0.3100000023841858,0.4,1.0,0.0,0.0
202224,Cox's Bazar Sadar,Cox's Bazar,Chittagong,BMDWRF,smois,2025-07-20T00:00:00,2025-07-21T00:00:00,0.3100000023841858,0.39,1.0,0.0,0.0
202224,Cox's Bazar Sadar,Cox's Bazar,Chittagong,BMDWRF,smois,2025-07-21T00:00:00,2025-07-22T00:00:00,0.30000001192092896,0.39,1.0,0.0,0.0
202245,Kutubdia,Cox's Bazar,Chittagong,BMDWRF,smois,2025-07-12T00:00:00,2025-07-13T00:00:00,0.33000001311302185,0.73,1.0,0.0,0.0
202245,Kutubdia,Cox's Bazar,Chittagong,BMDWRF,smois,2025-07-13T00:00:00,2025-07-14T00:00:00,0.33000001311302185,0.73,1.0,0.0,0.0
202245,Kutubdia,Cox's Bazar,Chittagong,BMDWRF,smois,2025-07-14T00:00:00,2025-07-15T00:00:00,0.33000001311302185,0.74,1.0,0.0,0.0
202245,Kutubdia,Cox's Bazar,Chittagong,BMDWRF,smois,2025-07-15T00:00:00,2025-07-16T00:00:00,0.3400000035762787,0.74,1.0,0.0,0.0
202245,Kutubdia,Cox's Bazar,Chittagong,BMDWRF,smois,2025-07-16T00:00:00,2025-07-17T00:00:00,0.3400000035762787,0.74,1.0,0.0,0.0
202245,Kutubdia,Cox's Bazar,Chittagong,BMDWRF,smois,2025-07-17T00:00:00,2025-07-18T00:00:00,0.3400000035762787,0.74,1.0,0.0,0.0
202245,Kutubdia,Cox's Bazar,Chittagong,BMDWRF,smois,2025-07-18T00:00:00,2025-07-19T00:00:00,0.3400000035762787,0.74,1.0,0.0,0.0
202245,Kutubdia,Cox's Bazar,Chittagong,BMDWRF,smois,2025-07-19T00:00:00,2025-07-20T00:00:00,0.3400000035762787,0.74,1.0,0.0,0.0
202245,Kutubdia,Cox's Bazar,Chittagong,BMDWRF,smois,2025-07-20T00:00:00,2025-07-21T00:00:00,0.33000001311302185,0.73,1.0,0.0,0.0
202245,Kutubdia,Cox's Bazar,Chittagong,BMDWRF,smois,2025-07-21T00:00:00,2025-07-22T00:00:00,0.33000001311302185,0.73,1.0,0.0,0.0
202294,Ukhia,Cox's Bazar,Chittagong,BMDWRF,smois,2025-07-12T00:00:00,2025-07-13T00:00:00,0.3199999928474426,0.53,1.0,0.0,0.0
202294,Ukhia,Cox's Bazar,Chittagong,BMDWRF,smois,2025-07-13T00:00:00,2025-07-14T00:00:00,0.3199999928474426,0.54,1.0,0.0,0.0
202294,Ukhia,Cox's Bazar,Chittagong,BMDWRF,smois,2025-07-14T00:00:00,2025-07-15T00:00:00,0.33000001311302185,0.55,1.0,0.0,0.0
202294,Ukhia,Cox's Bazar,Chittagong,BMDWRF,smois,2025-07-15T00:00:00,2025-07-16T00:00:00,0.33000001311302185,0.55,1.0,0.0,0.0
202294,Ukhia,Cox's Bazar,Chittagong,BMDWRF,smois,2025-07-16T00:00:00,2025-07-17T00:00:00,0.3199999928474426,0.54,1.0,0.0,0.0
202294,Ukhia,Cox's Bazar,Chittagong,BMDWRF,smois,2025-07-17T00:00:00,2025-07-18T00:00:00,0.3199999928474426,0.54,1.0,0.0,0.0
202294,Ukhia,Cox's Bazar,Chittagong,BMDWRF,smois,2025-07-18T00:00:00,2025-07-19T00:00:00,0.3100000023841858,0.53,1.0,0.0,0.0
202294,Ukhia,Cox's Bazar,Chittagong,BMDWRF,smois,2025-07-19T00:00:00,2025-07-20T00:00:00,0.3100000023841858,0.53,1.0,0.0,0.0
202294,Ukhia,Cox's Bazar,Chittagong,BMDWRF,smois,2025-07-20T00:00:00,2025-07-21T00:00:00,0.3100000023841858,0.53,1.0,0.0,0.0
202294,Ukhia,Cox's Bazar,Chittagong,BMDWRF,smois,2025-07-21T00:00:00,2025-07-22T00:00:00,0.3100000023841858,0.53,1.0,0.0,0.0
100409,Amtali,Barguna,Barisal,BMDWRF,windspd,2025-07-12T00:00:00,2025-07-13T00:00:00,2.9800000190734863,8.98,18.3700008392334,0.0,0.0
100409,Amtali,Barguna,Barisal,BMDWRF,windspd,2025-07-13T00:00:00,2025-07-14T00:00:00,2.450000047683716,10.64,23.040000915527344,0.0,0.0
100409,Amtali,Barguna,Barisal,BMDWRF,windspd,2025-07-14T00:00:00,2025-07-15T00:00:00,5.340000152587891,16.58,32.060001373291016,0.0,0.0
100409,Amtali,Barguna,Barisal,BMDWRF,windspd,2025-07-15T00:00:00,2025-07-16T00:00:00,11.100000381469727,21.64,34.43000030517578,0.0,0.0
100409,Amtali,Barguna,Barisal,BMDWRF,windspd,2025-07-16T00:00:00,2025-07-17T00:00:00,10.09000015258789,20.18,32.20000076293945,0.0,0.0
100409,Amtali,Barguna,Barisal,BMDWRF,windspd,2025-07-17T00:00:00,2025-07-18T00:00:00,7.050000190734863,16.65,28.010000228881836,0.0,0.0
100409,Amtali,Barguna,Barisal,BMDWRF,windspd,2025-07-18T00:00:00,2025-07-19T00:00:00,7.050000190734863,14.04,23.399999618530273,0.0,0.0
100409,Amtali,Barguna,Barisal,BMDWRF,windspd,2025-07-19T00:00:00,2025-07-20T00:00:00,5.929999828338623,13.86,23.770000457763672,0.0,0.0
100409,Amtali,Barguna,Barisal,BMDWRF,windspd,2025-07-20T00:00:00,2025-07-21T00:00:00,5.269999980926514,11.41,22.75,0.0,0.0
100409,Amtali,Barguna,Barisal,BMDWRF,windspd,2025-07-21T00:00:00,2025-07-22T00:00:00,2.119999885559082,10.17,21.399999618530273,0.0,0.0
100419,Bamna,Barguna,Barisal,BMDWRF,windspd,2025-07-12T00:00:00,2025-07-13T00:00:00,3.5199999809265137,7.76,15.970000267028809,0.0,0.0
100419,Bamna,Barguna,Barisal,BMDWRF,windspd,2025-07-13T00:00:00,2025-07-14T00:00:00,2.430000066757202,9.49,18.600000381469727,0.0,0.0
100419,Bamna,Barguna,Barisal,BMDWRF,windspd,2025-07-14T00:00:00,2025-07-15T00:00:00,7.300000190734863,15.82,23.110000610351562,0.0,0.0
100419,Bamna,Barguna,Barisal,BMDWRF,windspd,2025-07-15T00:00:00,2025-07-16T00:00:00,12.079999923706055,20.38,30.06999969482422,0.0,0.0
100419,Bamna,Barguna,Barisal,BMDWRF,windspd,2025-07-16T00:00:00,2025-07-17T00:00:00,11.430000305175781,19.76,29.299999237060547,0.0,0.0
100419,Bamna,Barguna,Barisal,BMDWRF,windspd,2025-07-17T00:00:00,2025-07-18T00:00:00,7.289999961853027,16.24,24.229999542236328,0.0,0.0
100419,Bamna,Barguna,Barisal,BMDWRF,windspd,2025-07-18T00:00:00,2025-07-19T00:00:00,6.860000133514404,12.66,20.200000762939453,0.0,0.0
100419,Bamna,Barguna,Barisal,BMDWRF,windspd,2025-07-19T00:00:00,2025-07-20T00:00:00,6.510000228881836,12.8,22.15999984741211,0.0,0.0
100419,Bamna,Barguna,Barisal,BMDWRF,windspd,2025-07-20T00:00:00,2025-07-21T00:00:00,5.809999942779541,10.25,16.6299991607666,0.0,0.0
100419,Bamna,Barguna,Barisal,BMDWRF,windspd,2025-07-21T00:00:00,2025-07-22T00:00:00,3.4200000762939453,8.84,17.110000610351562,0.0,0.0
100428,Barguna Sadar,Barguna,Barisal,BMDWRF,windspd,2025-07-12T00:00:00,2025-07-13T00:00:00,3.2799999713897705,9.17,18.3700008392334,0.0,0.0
100428,Barguna Sadar,Barguna,Barisal,BMDWRF,windspd,2025-07-13T00:00:00,2025-07-14T00:00:00,2.430000066757202,11.4,23.040000915527344,0.0,0.0
100428,Barguna Sadar,Barguna,Barisal,BMDWRF,windspd,2025-07-14T00:00:00,2025-07-15T00:00:00,6.21999979019165,17.8,29.559999465942383,0.0,0.0
100428,Barguna Sadar,Barguna,Barisal,BMDWRF,windspd,2025-07-15T00:00:00,2025-07-16T00:00:00,11.520000457763672,22.57,33.66999816894531,0.0,0.0
100428,Barguna Sadar,Barguna,Barisal,BMDWRF,windspd,2025-07-16T00:00:00,2025-07-17T00:00:00,11.850000381469727,21.55,31.389999389648438,0.0,0.0
100428,Barguna Sadar,Barguna,Barisal,BMDWRF,windspd,2025-07-17T00:00:00,2025-07-18T00:00:00,7.349999904632568,18.22,28.200000762939453,0.0,0.0
100428,Barguna Sadar,Barguna,Barisal,BMDWRF,windspd,2025-07-18T00:00:00,2025-07-19T00:00:00,7.300000190734863,15.16,23.399999618530273,0.0,0.0
100428,Barguna Sadar,Barguna,Barisal,BMDWRF,windspd,2025-07-19T00:00:00,2025-07-20T00:00:00,7.019999980926514,15.16,23.90999984741211,0.0,0.0
100428,Barguna Sadar,Barguna,Barisal,BMDWRF,windspd,2025-07-20T00:00:00,2025-07-21T00:00:00,5.639999866485596,12.14,22.649999618530273,0.0,0.0
100428,Barguna Sadar,Barguna,Barisal,BMDWRF,windspd,2025-07-21T00:00:00,2025-07-22T00:00:00,2.4100000858306885,10.81,21.399999618530273,0.0,0.0
100447,Betagi,Barguna,Barisal,BMDWRF,windspd,2025-07-12T00:00:00,2025-07-13T00:00:00,3.2200000286102295,7.65,15.670000076293945,0.0,0.0
100447,Betagi,Barguna,Barisal,BMDWRF,windspd,2025-07-13T00:00:00,2025-07-14T00:00:00,2.430000066757202,9.48,18.350000381469727,0.0,0.0
100447,Betagi,Barguna,Barisal,BMDWRF,windspd,2025-07-14T00:00:00,2025-07-15T00:00:00,6.630000114440918,15.51,23.0,0.0,0.0
100447,Betagi,Barguna,Barisal,BMDWRF,windspd,2025-07-15T00:00:00,2025-07-16T00:00:00,11.520000457763672,20.26,30.06999969482422,0.0,0.0
100447,Betagi,Barguna,Barisal,BMDWRF,windspd,2025-07-16T00:00:00,2025-07-17T00:00:00,11.8100004196167,19.27,29.5,0.0,0.0
100447,Betagi,Barguna,Barisal,BMDWRF,windspd,2025-07-17T00:00:00,2025-07-18T00:00:00,7.289999961853027,16.09,24.229999542236328,0.0,0.0
100447,Betagi,Barguna,Barisal,BMDWRF,windspd,2025-07-18T00:00:00,2025-07-19T00:00:00,6.860000133514404,12.57,19.860000610351562,0.0,0.0
100447,Betagi,Barguna,Barisal,BMDWRF,windspd,2025-07-19T00:00:00,2025-07-20T00:00:00,6.510000228881836,12.67,22.100000381469727,0.0,0.0
100447,Betagi,Barguna,Barisal,BMDWRF,windspd,2025-07-20T00:00:00,2025-07-21T00:00:00,5.429999828338623,10.14,16.809999465942383,0.0,0.0
100447,Betagi,Barguna,Barisal,BMDWRF,windspd,2025-07-21T00:00:00,2025-07-22T00:00:00,3.4200000762939453,8.58,17.110000610351562,0.0,0.0
100485,Patharghata,Barguna,Barisal,BMDWRF,windspd,2025-07-12T00:00:00,2025-07-13T00:00:00,3.5999999046325684,9.71,22.020000457763672,0.0,0.0
100485,Patharghata,Barguna,Barisal,BMDWRF,windspd,2025-07-13T00:00:00,2025-07-14T00:00:00,2.430000066757202,12.11,23.489999771118164,0.0,0.0
100485,Patharghata,Barguna,Barisal,BMDWRF,windspd,2025-07-14T00:00:00,2025-07-15T00:00:00,6.809999942779541,19.28,29.559999465942383,0.0,0.0
100485,Patharghata,Barguna,Barisal,BMDWRF,windspd,2025-07-15T00:00:00,2025-07-16T00:00:00,13.4399995803833,24.03,33.689998626708984,0.0,0.0
100485,Patharghata,Barguna,Barisal,BMDWRF,windspd,2025-07-16T00:00:00,2025-07-17T00:00:00,13.449999809265137,23.33,31.389999389648438,0.0,0.0
100485,Patharghata,Barguna,Barisal,BMDWRF,windspd,2025-07-17T00:00:00,2025-07-18T00:00:00,7.349999904632568,19.71,28.200000762939453,0.0,0.0
100485,Patharghata,Barguna,Barisal,BMDWRF,windspd,2025-07-18T00:00:00,2025-07-19T00:00:00,7.340000152587891,16.3,23.899999618530273,0.0,0.0
100485,Patharghata,Barguna,Barisal,BMDWRF,windspd,2025-07-19T00:00:00,2025-07-20T00:00:00,7.309999942779541,16.71,25.25,0.0,0.0
100485,Patharghata,Barguna,Barisal,BMDWRF,windspd,2025-07-20T00:00:00,2025-07-21T00:00:00,6.210000038146973,13.84,22.84000015258789,0.0,0.0
100485,Patharghata,Barguna,Barisal,BMDWRF,windspd,2025-07-21T00:00:00,2025-07-22T00:00:00,3.0,11.5,21.270000457763672,0.0,0.0
202224,Cox's Bazar Sadar,Cox's Bazar,Chittagong,BMDWRF,windspd,2025-07-12T00:00:00,2025-07-13T00:00:00,2.6600000858306885,8.61,22.34000015258789,0.0,0.0
202224,Cox's Bazar Sadar,Cox's Bazar,Chittagong,BMDWRF,windspd,2025-07-13T00:00:00,2025-07-14T00:00:00,2.2300000190734863,10.89,21.93000030517578,0.0,0.0
202224,Cox's Bazar Sadar,Cox's Bazar,Chittagong,BMDWRF,windspd,2025-07-14T00:00:00,2025-07-15T00:00:00,8.149999618530273,14.29,26.139999389648438,0.0,0.0
202224,Cox's Bazar Sadar,Cox's Bazar,Chittagong,BMDWRF,windspd,2025-07-15T00:00:00,2025-07-16T00:00:00,8.739999771118164,16.32,29.469999313354492,0.0,0.0
202224,Cox's Bazar Sadar,Cox's Bazar,Chittagong,BMDWRF,windspd,2025-07-16T00:00:00,2025-07-17T00:00:00,6.579999923706055,14.47,28.639999389648438,0.0,0.0
202224,Cox's Bazar Sadar,Cox's Bazar,Chittagong,BMDWRF,windspd,2025-07-17T00:00:00,2025-07-18T00:00:00,6.590000152587891,12.57,23.729999542236328,0.0,0.0
202224,Cox's Bazar Sadar,Cox's Bazar,Chittagong,BMDWRF,windspd,2025-07-18T00:00:00,2025-07-19T00:00:00,4.769999980926514,10.34,20.959999084472656,0.0,0.0
202224,Cox's Bazar Sadar,Cox's Bazar,Chittagong,BMDWRF,windspd,2025-07-19T00:00:00,2025-07-20T00:00:00,3.5799999237060547,8.9,16.1200008392334,0.0,0.0
202224,Cox's Bazar Sadar,Cox's Bazar,Chittagong,BMDWRF,windspd,2025-07-20T00:00:00,2025-07-21T00:00:00,5.0,9.44,20.479999542236328,0.0,0.0
202224,Cox's Bazar Sadar,Cox's Bazar,Chittagong,BMDWRF,windspd,2025-07-21T00:00:00,2025-07-22T00:00:00,2.609999895095825,8.54,17.190000534057617,0.0,0.0
202245,Kutubdia,Cox's Bazar,Chittagong,BMDWRF,windspd,2025-07-12T00:00:00,2025-07-13T00:00:00,4.889999866485596,12.1,20.09000015258789,0.0,0.0
202245,Kutubdia,Cox's Bazar,Chittagong,BMDWRF,windspd,2025-07-13T00:00:00,2025-07-14T00:00:00,7.25,16.44,24.209999084472656,0.0,0.0
202245,Kutubdia,Cox's Bazar,Chittagong,BMDWRF,windspd,2025-07-14T00:00:00,2025-07-15T00:00:00,14.140000343322754,21.21,29.510000228881836,0.0,0.0
202245,Kutubdia,Cox's Bazar,Chittagong,BMDWRF,windspd,2025-07-15T00:00:00,2025-07-16T00:00:00,14.930000305175781,25.33,35.209999084472656,0.0,0.0
202245,Kutubdia,Cox's Bazar,Chittagong,BMDWRF,windspd,2025-07-16T00:00:00,2025-07-17T00:00:00,12.470000267028809,23.12,34.58000183105469,0.0,0.0
202245,Kutubdia,Cox's Bazar,Chittagong,BMDWRF,windspd,2025-07-17T00:00:00,2025-07-18T00:00:00,9.069999694824219,18.87,27.329999923706055,0.0,0.0
202245,Kutubdia,Cox's Bazar,Chittagong,BMDWRF,windspd,2025-07-18T00:00:00,2025-07-19T00:00:00,6.050000190734863,15.3,22.3700008392334,0.0,0.0
202245,Kutubdia,Cox's Bazar,Chittagong,BMDWRF,windspd,2025-07-19T00:00:00,2025-07-20T00:00:00,7.110000133514404,13.24,18.360000610351562,0.0,0.0
202245,Kutubdia,Cox's Bazar,Chittagong,BMDWRF,windspd,2025-07-20T00:00:00,2025-07-21T00:00:00,6.860000133514404,14.0,21.489999771118164,0.0,0.0
202245,Kutubdia,Cox's Bazar,Chittagong,BMDWRF,windspd,2025-07-21T00:00:00,2025-07-22T00:00:00,4.429999828338623,12.2,19.43000030517578,0.0,0.0
202294,Ukhia,Cox's Bazar,Chittagong,BMDWRF,windspd,2025-07-12T00:00:00,2025-07-13T00:00:00,3.559999942779541,8.99,20.049999237060547,0.0,0.0
202294,Ukhia,Cox's Bazar,Chittagong,BMDWRF,windspd,2025-07-13T00:00:00,2025-07-14T00:00:00,4.300000190734863,10.86,19.8799991607666,0.0,0.0
202294,Ukhia,Cox's Bazar,Chittagong,BMDWRF,windspd,2025-07-14T00:00:00,2025-07-15T00:00:00,6.360000133514404,14.7,24.299999237060547,0.0,0.0
202294,Ukhia,Cox's Bazar,Chittagong,BMDWRF,windspd,2025-07-15T00:00:00,2025-07-16T00:00:00,5.429999828338623,16.13,26.450000762939453,0.0,0.0
202294,Ukhia,Cox's Bazar,Chittagong,BMDWRF,windspd,2025-07-16T00:00:00,2025-07-17T00:00:00,6.639999866485596,14.37,25.59000015258789,0.0,0.0
202294,Ukhia,Cox's Bazar,Chittagong,BMDWRF,windspd,2025-07-17T00:00:00,2025-07-18T00:00:00,5.420000076293945,12.04,21.18000030517578,0.0,0.0
202294,Ukhia,Cox's Bazar,Chittagong,BMDWRF,windspd,2025-07-18T00:00:00,2025-07-19T00:00:00,4.789999961853027,10.07,18.329999923706055,0.0,0.0
202294,Ukhia,Cox's Bazar,Chittagong,BMDWRF,windspd,2025-07-19T00:00:00,2025-07-20T00:00:00,4.820000171661377,8.8,15.8100004196167,0.0,0.0
202294,Ukhia,Cox's Bazar,Chittagong,BMDWRF,windspd,2025-07-20T00:00:00,2025-07-21T00:00:00,4.670000076293945,9.76,21.1299991607666,0.0,0.0
202294,Ukhia,Cox's Bazar,Chittagong,BMDWRF,windspd,2025-07-21T00:00:00,2025-07-22T00:00:00,0.5899999737739563,8.07,17.31999969482422,0.0,0.0
100409,Amtali,Barguna,Barisal,BMDWRF,winddir,2025-07-12T00:00:00,2025-07-13T00:00:00,52.4900016784668,172.38,236.64999389648438,0.0,0.0
100409,Amtali,Barguna,Barisal,BMDWRF,winddir,2025-07-13T00:00:00,2025-07-14T00:00:00,87.68000030517578,184.65,236.64999389648438,0.0,0.0
100409,Amtali,Barguna,Barisal,BMDWRF,winddir,2025-07-14T00:00:00,2025-07-15T00:00:00,135.3300018310547,185.4,212.39999389648438,0.0,0.0
100409,Amtali,Barguna,Barisal,BMDWRF,winddir,2025-07-15T00:00:00,2025-07-16T00:00:00,166.02000427246094,181.87,196.27999877929688,0.0,0.0
100409,Amtali,Barguna,Barisal,BMDWRF,winddir,2025-07-16T00:00:00,2025-07-17T00:00:00,171.97999572753906,186.1,196.27999877929688,0.0,0.0
100409,Amtali,Barguna,Barisal,BMDWRF,winddir,2025-07-17T00:00:00,2025-07-18T00:00:00,170.99000549316406,187.89,201.7899932861328,0.0,0.0
100409,Amtali,Barguna,Barisal,BMDWRF,winddir,2025-07-18T00:00:00,2025-07-19T00:00:00,170.99000549316406,194.84,212.77000427246094,0.0,0.0
100409,Amtali,Barguna,Barisal,BMDWRF,winddir,2025-07-19T00:00:00,2025-07-20T00:00:00,166.83999633789062,192.09,206.74000549316406,0.0,0.0
100409,Amtali,Barguna,Barisal,BMDWRF,winddir,2025-07-20T00:00:00,2025-07-21T00:00:00,151.75,172.94,196.11000061035156,0.0,0.0
100409,Amtali,Barguna,Barisal,BMDWRF,winddir,2025-07-21T00:00:00,2025-07-22T00:00:00,145.19000244140625,191.15,241.35000610351562,0.0,0.0
100419,Bamna,Barguna,Barisal,BMDWRF,winddir,2025-07-12T00:00:00,2025-07-13T00:00:00,83.13999938964844,170.43,220.02000427246094,0.0,0.0
100419,Bamna,Barguna,Barisal,BMDWRF,winddir,2025-07-13T00:00:00,2025-07-14T00:00:00,97.97000122070312,177.38,218.67999267578125,0.0,0.0
100419,Bamna,Barguna,Barisal,BMDWRF,winddir,2025-07-14T00:00:00,2025-07-15T00:00:00,136.11000061035156,178.98,198.8300018310547,0.0,0.0
100419,Bamna,Barguna,Barisal,BMDWRF,winddir,2025-07-15T00:00:00,2025-07-16T00:00:00,166.97999572753906,180.81,188.97999572753906,0.0,0.0
100419,Bamna,Barguna,Barisal,BMDWRF,winddir,2025-07-16T00:00:00,2025-07-17T00:00:00,173.30999755859375,183.02,194.0800018310547,0.0,0.0
100419,Bamna,Barguna,Barisal,BMDWRF,winddir,2025-07-17T00:00:00,2025-07-18T00:00:00,163.97000122070312,183.12,198.13999938964844,0.0,0.0
100419,Bamna,Barguna,Barisal,BMDWRF,winddir,2025-07-18T00:00:00,2025-07-19T00:00:00,163.97000122070312,192.3,206.1699981689453,0.0,0.0
100419,Bamna,Barguna,Barisal,BMDWRF,winddir,2025-07-19T00:00:00,2025-07-20T00:00:00,164.75999450683594,189.83,203.22000122070312,0.0,0.0
100419,Bamna,Barguna,Barisal,BMDWRF,winddir,2025-07-20T00:00:00,2025-07-21T00:00:00,144.9199981689453,170.64,186.8000030517578,0.0,0.0
100419,Bamna,Barguna,Barisal,BMDWRF,winddir,2025-07-21T00:00:00,2025-07-22T00:00:00,130.36000061035156,184.74,241.25,0.0,0.0
100428,Barguna Sadar,Barguna,Barisal,BMDWRF,winddir,2025-07-12T00:00:00,2025-07-13T00:00:00,63.88999938964844,173.42,233.0399932861328,0.0,0.0
100428,Barguna Sadar,Barguna,Barisal,BMDWRF,winddir,2025-07-13T00:00:00,2025-07-14T00:00:00,101.26000213623047,188.17,231.99000549316406,0.0,0.0
100428,Barguna Sadar,Barguna,Barisal,BMDWRF,winddir,2025-07-14T00:00:00,2025-07-15T00:00:00,136.11000061035156,184.33,211.86000061035156,0.0,0.0
100428,Barguna Sadar,Barguna,Barisal,BMDWRF,winddir,2025-07-15T00:00:00,2025-07-16T00:00:00,171.47000122070312,183.34,194.82000732421875,0.0,0.0
100428,Barguna Sadar,Barguna,Barisal,BMDWRF,winddir,2025-07-16T00:00:00,2025-07-17T00:00:00,175.72000122070312,186.23,194.25,0.0,0.0
100428,Barguna Sadar,Barguna,Barisal,BMDWRF,winddir,2025-07-17T00:00:00,2025-07-18T00:00:00,165.99000549316406,187.84,201.7899932861328,0.0,0.0
100428,Barguna Sadar,Barguna,Barisal,BMDWRF,winddir,2025-07-18T00:00:00,2025-07-19T00:00:00,165.99000549316406,195.86,212.77000427246094,0.0,0.0
100428,Barguna Sadar,Barguna,Barisal,BMDWRF,winddir,2025-07-19T00:00:00,2025-07-20T00:00:00,165.0,191.86,206.74000549316406,0.0,0.0
100428,Barguna Sadar,Barguna,Barisal,BMDWRF,winddir,2025-07-20T00:00:00,2025-07-21T00:00:00,144.9199981689453,173.51,196.11000061035156,0.0,0.0
100428,Barguna Sadar,Barguna,Barisal,BMDWRF,winddir,2025-07-21T00:00:00,2025-07-22T00:00:00,146.92999267578125,192.61,234.75,0.0,0.0
100447,Betagi,Barguna,Barisal,BMDWRF,winddir,2025-07-12T00:00:00,2025-07-13T00:00:00,80.93000030517578,171.51,223.61000061035156,0.0,0.0
100447,Betagi,Barguna,Barisal,BMDWRF,winddir,2025-07-13T00:00:00,2025-07-14T00:00:00,80.37999725341797,173.83,222.0500030517578,0.0,0.0
100447,Betagi,Barguna,Barisal,BMDWRF,winddir,2025-07-14T00:00:00,2025-07-15T00:00:00,136.11000061035156,179.14,208.19000244140625,0.0,0.0
100447,Betagi,Barguna,Barisal,BMDWRF,winddir,2025-07-15T00:00:00,2025-07-16T00:00:00,165.38999938964844,179.36,188.25999450683594,0.0,0.0
100447,Betagi,Barguna,Barisal,BMDWRF,winddir,2025-07-16T00:00:00,2025-07-17T00:00:00,170.8800048828125,182.89,194.11000061035156,0.0,0.0
100447,Betagi,Barguna,Barisal,BMDWRF,winddir,2025-07-17T00:00:00,2025-07-18T00:00:00,163.97000122070312,182.97,199.72000122070312,0.0,0.0
100447,Betagi,Barguna,Barisal,BMDWRF,winddir,2025-07-18T00:00:00,2025-07-19T00:00:00,163.97000122070312,191.69,207.4600067138672,0.0,0.0
100447,Betagi,Barguna,Barisal,BMDWRF,winddir,2025-07-19T00:00:00,2025-07-20T00:00:00,164.75999450683594,189.32,205.5500030517578,0.0,0.0
100447,Betagi,Barguna,Barisal,BMDWRF,winddir,2025-07-20T00:00:00,2025-07-21T00:00:00,144.9199981689453,170.22,187.89999389648438,0.0,0.0
100447,Betagi,Barguna,Barisal,BMDWRF,winddir,2025-07-21T00:00:00,2025-07-22T00:00:00,130.36000061035156,185.95,241.25,0.0,0.0
100485,Patharghata,Barguna,Barisal,BMDWRF,winddir,2025-07-12T00:00:00,2025-07-13T00:00:00,64.23999786376953,172.23,233.0399932861328,0.0,0.0
100485,Patharghata,Barguna,Barisal,BMDWRF,winddir,2025-07-13T00:00:00,2025-07-14T00:00:00,136.11000061035156,187.82,231.99000549316406,0.0,0.0
100485,Patharghata,Barguna,Barisal,BMDWRF,winddir,2025-07-14T00:00:00,2025-07-15T00:00:00,136.11000061035156,183.15,197.8300018310547,0.0,0.0
100485,Patharghata,Barguna,Barisal,BMDWRF,winddir,2025-07-15T00:00:00,2025-07-16T00:00:00,172.57000732421875,185.13,194.82000732421875,0.0,0.0
100485,Patharghata,Barguna,Barisal,BMDWRF,winddir,2025-07-16T00:00:00,2025-07-17T00:00:00,177.02999877929688,185.71,192.47999572753906,0.0,0.0
100485,Patharghata,Barguna,Barisal,BMDWRF,winddir,2025-07-17T00:00:00,2025-07-18T00:00:00,173.77999877929688,187.85,196.27999877929688,0.0,0.0
100485,Patharghata,Barguna,Barisal,BMDWRF,winddir,2025-07-18T00:00:00,2025-07-19T00:00:00,173.36000061035156,195.16,206.1699981689453,0.0,0.0
100485,Patharghata,Barguna,Barisal,BMDWRF,winddir,2025-07-19T00:00:00,2025-07-20T00:00:00,176.66000366210938,191.72,205.91000366210938,0.0,0.0
100485,Patharghata,Barguna,Barisal,BMDWRF,winddir,2025-07-20T00:00:00,2025-07-21T00:00:00,144.9199981689453,173.76,191.94000244140625,0.0,0.0
100485,Patharghata,Barguna,Barisal,BMDWRF,winddir,2025-07-21T00:00:00,2025-07-22T00:00:00,146.10000610351562,189.83,231.66000366210938,0.0,0.0
202224,Cox's Bazar Sadar,Cox's Bazar,Chittagong,BMDWRF,winddir,2025-07-12T00:00:00,2025-07-13T00:00:00,108.06999969482422,157.33,231.42999267578125,0.0,0.0
202224,Cox's Bazar Sadar,Cox's Bazar,Chittagong,BMDWRF,winddir,2025-07-13T00:00:00,2025-07-14T00:00:00,111.11000061035156,169.57,233.6999969482422,0.0,0.0
202224,Cox's Bazar Sadar,Cox's Bazar,Chittagong,BMDWRF,winddir,2025-07-14T00:00:00,2025-07-15T00:00:00,123.87999725341797,163.13,224.52000427246094,0.0,0.0
202224,Cox's Bazar Sadar,Cox's Bazar,Chittagong,BMDWRF,winddir,2025-07-15T00:00:00,2025-07-16T00:00:00,133.02000427246094,161.54,195.22000122070312,0.0,0.0
202224,Cox's Bazar Sadar,Cox's Bazar,Chittagong,BMDWRF,winddir,2025-07-16T00:00:00,2025-07-17T00:00:00,122.61000061035156,163.92,201.5500030517578,0.0,0.0
202224,Cox's Bazar Sadar,Cox's Bazar,Chittagong,BMDWRF,winddir,2025-07-17T00:00:00,2025-07-18T00:00:00,116.44000244140625,161.31,217.88999938964844,0.0,0.0
202224,Cox's Bazar Sadar,Cox's Bazar,Chittagong,BMDWRF,winddir,2025-07-18T00:00:00,2025-07-19T00:00:00,108.5999984741211,171.42,240.57000732421875,0.0,0.0
202224,Cox's Bazar Sadar,Cox's Bazar,Chittagong,BMDWRF,winddir,2025-07-19T00:00:00,2025-07-20T00:00:00,104.44999694824219,177.35,246.5,0.0,0.0
202224,Cox's Bazar Sadar,Cox's Bazar,Chittagong,BMDWRF,winddir,2025-07-20T00:00:00,2025-07-21T00:00:00,104.44999694824219,157.16,234.47000122070312,0.0,0.0
202224,Cox's Bazar Sadar,Cox's Bazar,Chittagong,BMDWRF,winddir,2025-07-21T00:00:00,2025-07-22T00:00:00,81.29000091552734,172.45,240.49000549316406,0.0,0.0
202245,Kutubdia,Cox's Bazar,Chittagong,BMDWRF,winddir,2025-07-12T00:00:00,2025-07-13T00:00:00,119.05999755859375,169.48,237.60000610351562,0.0,0.0
202245,Kutubdia,Cox's Bazar,Chittagong,BMDWRF,winddir,2025-07-13T00:00:00,2025-07-14T00:00:00,119.05999755859375,170.61,230.66000366210938,0.0,0.0
202245,Kutubdia,Cox's Bazar,Chittagong,BMDWRF,winddir,2025-07-14T00:00:00,2025-07-15T00:00:00,135.74000549316406,167.22,213.1699981689453,0.0,0.0
202245,Kutubdia,Cox's Bazar,Chittagong,BMDWRF,winddir,2025-07-15T00:00:00,2025-07-16T00:00:00,145.13999938964844,167.99,194.44000244140625,0.0,0.0
202245,Kutubdia,Cox's Bazar,Chittagong,BMDWRF,winddir,2025-07-16T00:00:00,2025-07-17T00:00:00,140.2100067138672,171.56,202.25999450683594,0.0,0.0
202245,Kutubdia,Cox's Bazar,Chittagong,BMDWRF,winddir,2025-07-17T00:00:00,2025-07-18T00:00:00,132.72999572753906,169.73,214.35000610351562,0.0,0.0
202245,Kutubdia,Cox's Bazar,Chittagong,BMDWRF,winddir,2025-07-18T00:00:00,2025-07-19T00:00:00,130.39999389648438,182.86,232.1199951171875,0.0,0.0
202245,Kutubdia,Cox's Bazar,Chittagong,BMDWRF,winddir,2025-07-19T00:00:00,2025-07-20T00:00:00,119.19999694824219,183.83,238.5399932861328,0.0,0.0
202245,Kutubdia,Cox's Bazar,Chittagong,BMDWRF,winddir,2025-07-20T00:00:00,2025-07-21T00:00:00,110.54000091552734,166.16,245.22000122070312,0.0,0.0
202245,Kutubdia,Cox's Bazar,Chittagong,BMDWRF,winddir,2025-07-21T00:00:00,2025-07-22T00:00:00,115.5999984741211,189.65,245.74000549316406,0.0,0.0
202294,Ukhia,Cox's Bazar,Chittagong,BMDWRF,winddir,2025-07-12T00:00:00,2025-07-13T00:00:00,92.56999969482422,157.46,226.97000122070312,0.0,0.0
202294,Ukhia,Cox's Bazar,Chittagong,BMDWRF,winddir,2025-07-13T00:00:00,2025-07-14T00:00:00,100.80000305175781,167.72,227.97999572753906,0.0,0.0
202294,Ukhia,Cox's Bazar,Chittagong,BMDWRF,winddir,2025-07-14T00:00:00,2025-07-15T00:00:00,115.2699966430664,167.68,221.36000061035156,0.0,0.0
202294,Ukhia,Cox's Bazar,Chittagong,BMDWRF,winddir,2025-07-15T00:00:00,2025-07-16T00:00:00,123.88999938964844,160.68,191.6199951171875,0.0,0.0
202294,Ukhia,Cox's Bazar,Chittagong,BMDWRF,winddir,2025-07-16T00:00:00,2025-07-17T00:00:00,119.77999877929688,164.0,203.3000030517578,0.0,0.0
202294,Ukhia,Cox's Bazar,Chittagong,BMDWRF,winddir,2025-07-17T00:00:00,2025-07-18T00:00:00,104.8499984741211,155.09,210.36000061035156,0.0,0.0
202294,Ukhia,Cox's Bazar,Chittagong,BMDWRF,winddir,2025-07-18T00:00:00,2025-07-19T00:00:00,103.83000183105469,171.46,234.94000244140625,0.0,0.0
202294,Ukhia,Cox's Bazar,Chittagong,BMDWRF,winddir,2025-07-19T00:00:00,2025-07-20T00:00:00,89.41999816894531,178.58,244.02000427246094,0.0,0.0
202294,Ukhia,Cox's Bazar,Chittagong,BMDWRF,winddir,2025-07-20T00:00:00,2025-07-21T00:00:00,89.41999816894531,151.97,228.2899932861328,0.0,0.0
202294,Ukhia,Cox's Bazar,Chittagong,BMDWRF,winddir,2025-07-21T00:00:00,2025-07-22T00:00:00,3.130000114440918,168.04,265.7699890136719,0.0,0.0
100409,Amtali,Barguna,Barisal,BMDWRF,cldcvr,2025-07-12T00:00:00,2025-07-13T00:00:00,0.0,0.0,0.0,5.09,4.39
100409,Amtali,Barguna,Barisal,BMDWRF,cldcvr,2025-07-13T00:00:00,2025-07-14T00:00:00,0.0,0.0,0.0,5.91,7.36
100409,Amtali,Barguna,Barisal,BMDWRF,cldcvr,2025-07-14T00:00:00,2025-07-15T00:00:00,0.0,0.0,0.0,7.41,7.9
100409,Amtali,Barguna,Barisal,BMDWRF,cldcvr,2025-07-15T00:00:00,2025-07-16T00:00:00,0.0,0.0,0.0,7.83,7.55
100409,Amtali,Barguna,Barisal,BMDWRF,cldcvr,2025-07-16T00:00:00,2025-07-17T00:00:00,0.0,0.0,0.0,6.77,7.04
100409,Amtali,Barguna,Barisal,BMDWRF,cldcvr,2025-07-17T00:00:00,2025-07-18T00:00:00,0.0,0.0,0.0,7.62,7.65
100409,Amtali,Barguna,Barisal,BMDWRF,cldcvr,2025-07-18T00:00:00,2025-07-19T00:00:00,0.0,0.0,0.0,6.97,7.58
100409,Amtali,Barguna,Barisal,BMDWRF,cldcvr,2025-07-19T00:00:00,2025-07-20T00:00:00,0.0,0.0,0.0,7.25,7.41
100409,Amtali,Barguna,Barisal,BMDWRF,cldcvr,2025-07-20T00:00:00,2025-07-21T00:00:00,0.0,0.0,0.0,7.13,7.5
100409,Amtali,Barguna,Barisal,BMDWRF,cldcvr,2025-07-21T00:00:00,2025-07-22T00:00:00,0.0,0.0,0.0,6.86,7.4
100419,Bamna,Barguna,Barisal,BMDWRF,cldcvr,2025-07-12T00:00:00,2025-07-13T00:00:00,0.0,0.0,0.0,5.43,4.09
100419,Bamna,Barguna,Barisal,BMDWRF,cldcvr,2025-07-13T00:00:00,2025-07-14T00:00:00,0.0,0.0,0.0,5.1,7.04
100419,Bamna,Barguna,Barisal,BMDWRF,cldcvr,2025-07-14T00:00:00,2025-07-15T00:00:00,0.0,0.0,0.0,7.26,7.9
100419,Bamna,Barguna,Barisal,BMDWRF,cldcvr,2025-07-15T00:00:00,2025-07-16T00:00:00,0.0,0.0,0.0,7.81,7.79
100419,Bamna,Barguna,Barisal,BMDWRF,cldcvr,2025-07-16T00:00:00,2025-07-17T00:00:00,0.0,0.0,0.0,7.03,7.29
100419,Bamna,Barguna,Barisal,BMDWRF,cldcvr,2025-07-17T00:00:00,2025-07-18T00:00:00,0.0,0.0,0.0,7.48,7.5
100419,Bamna,Barguna,Barisal,BMDWRF,cldcvr,2025-07-18T00:00:00,2025-07-19T00:00:00,0.0,0.0,0.0,5.81,7.21
100419,Bamna,Barguna,Barisal,BMDWRF,cldcvr,2025-07-19T00:00:00,2025-07-20T00:00:00,0.0,0.0,0.0,7.15,7.25
100419,Bamna,Barguna,Barisal,BMDWRF,cldcvr,2025-07-20T00:00:00,2025-07-21T00:00:00,0.0,0.0,0.0,6.46,7.07
100419,Bamna,Barguna,Barisal,BMDWRF,cldcvr,2025-07-21T00:00:00,2025-07-22T00:00:00,0.0,0.0,0.0,6.82,6.93
100428,Barguna Sadar,Barguna,Barisal,BMDWRF,cldcvr,2025-07-12T00:00:00,2025-07-13T00:00:00,0.0,0.0,0.0,4.64,4.08
100428,Barguna Sadar,Barguna,Barisal,BMDWRF,cldcvr,2025-07-13T00:00:00,2025-07-14T00:00:00,0.0,0.0,0.0,4.98,7.32
100428,Barguna Sadar,Barguna,Barisal,BMDWRF,cldcvr,2025-07-14T00:00:00,2025-07-15T00:00:00,0.0,0.0,0.0,7.31,7.95
100428,Barguna Sadar,Barguna,Barisal,BMDWRF,cldcvr,2025-07-15T00:00:00,2025-07-16T00:00:00,0.0,0.0,0.0,7.75,7.53
100428,Barguna Sadar,Barguna,Barisal,BMDWRF,cldcvr,2025-07-16T00:00:00,2025-07-17T00:00:00,0.0,0.0,0.0,6.82,7.21
100428,Barguna Sadar,Barguna,Barisal,BMDWRF,cldcvr,2025-07-17T00:00:00,2025-07-18T00:00:00,0.0,0.0,0.0,7.67,7.78
100428,Barguna Sadar,Barguna,Barisal,BMDWRF,cldcvr,2025-07-18T00:00:00,2025-07-19T00:00:00,0.0,0.0,0.0,6.68,7.7
100428,Barguna Sadar,Barguna,Barisal,BMDWRF,cldcvr,2025-07-19T00:00:00,2025-07-20T00:00:00,0.0,0.0,0.0,7.3,7.6
100428,Barguna Sadar,Barguna,Barisal,BMDWRF,cldcvr,2025-07-20T00:00:00,2025-07-21T00:00:00,0.0,0.0,0.0,6.79,7.51
100428,Barguna Sadar,Barguna,Barisal,BMDWRF,cldcvr,2025-07-21T00:00:00,2025-07-22T00:00:00,0.0,0.0,0.0,6.45,7.3
100447,Betagi,Barguna,Barisal,BMDWRF,cldcvr,2025-07-12T00:00:00,2025-07-13T00:00:00,0.0,0.0,0.0,5.66,4.12
100447,Betagi,Barguna,Barisal,BMDWRF,cldcvr,2025-07-13T00:00:00,2025-07-14T00:00:00,0.0,0.0,0.0,5.38,6.9
100447,Betagi,Barguna,Barisal,BMDWRF,cldcvr,2025-07-14T00:00:00,2025-07-15T00:00:00,0.0,0.0,0.0,7.27,7.93
100447,Betagi,Barguna,Barisal,BMDWRF,cldcvr,2025-07-15T00:00:00,2025-07-16T00:00:00,0.0,0.0,0.0,7.84,7.74
100447,Betagi,Barguna,Barisal,BMDWRF,cldcvr,2025-07-16T00:00:00,2025-07-17T00:00:00,0.0,0.0,0.0,6.76,7.12
100447,Betagi,Barguna,Barisal,BMDWRF,cldcvr,2025-07-17T00:00:00,2025-07-18T00:00:00,0.0,0.0,0.0,7.42,7.54
100447,Betagi,Barguna,Barisal,BMDWRF,cldcvr,2025-07-18T00:00:00,2025-07-19T00:00:00,0.0,0.0,0.0,5.81,7.14
100447,Betagi,Barguna,Barisal,BMDWRF,cldcvr,2025-07-19T00:00:00,2025-07-20T00:00:00,0.0,0.0,0.0,7.05,7.06
100447,Betagi,Barguna,Barisal,BMDWRF,cldcvr,2025-07-20T00:00:00,2025-07-21T00:00:00,0.0,0.0,0.0,6.84,7.0
100447,Betagi,Barguna,Barisal,BMDWRF,cldcvr,2025-07-21T00:00:00,2025-07-22T00:00:00,0.0,0.0,0.0,7.08,7.08
100485,Patharghata,Barguna,Barisal,BMDWRF,cldcvr,2025-07-12T00:00:00,2025-07-13T00:00:00,0.0,0.0,0.0,4.08,3.88
100485,Patharghata,Barguna,Barisal,BMDWRF,cldcvr,2025-07-13T00:00:00,2025-07-14T00:00:00,0.0,0.0,0.0,4.3,7.16
100485,Patharghata,Barguna,Barisal,BMDWRF,cldcvr,2025-07-14T00:00:00,2025-07-15T00:00:00,0.0,0.0,0.0,7.5,7.93
100485,Patharghata,Barguna,Barisal,BMDWRF,cldcvr,2025-07-15T00:00:00,2025-07-16T00:00:00,0.0,0.0,0.0,7.72,7.58
100485,Patharghata,Barguna,Barisal,BMDWRF,cldcvr,2025-07-16T00:00:00,2025-07-17T00:00:00,0.0,0.0,0.0,7.08,7.52
100485,Patharghata,Barguna,Barisal,BMDWRF,cldcvr,2025-07-17T00:00:00,2025-07-18T00:00:00,0.0,0.0,0.0,7.8,7.76
100485,Patharghata,Barguna,Barisal,BMDWRF,cldcvr,2025-07-18T00:00:00,2025-07-19T00:00:00,0.0,0.0,0.0,6.59,7.58
100485,Patharghata,Barguna,Barisal,BMDWRF,cldcvr,2025-07-19T00:00:00,2025-07-20T00:00:00,0.0,0.0,0.0,7.33,7.72
100485,Patharghata,Barguna,Barisal,BMDWRF,cldcvr,2025-07-20T00:00:00,2025-07-21T00:00:00,0.0,0.0,0.0,6.52,7.65
100485,Patharghata,Barguna,Barisal,BMDWRF,cldcvr,2025-07-21T00:00:00,2025-07-22T00:00:00,0.0,0.0,0.0,5.95,7.35
202224,Cox's Bazar Sadar,Cox's Bazar,Chittagong,BMDWRF,cldcvr,2025-07-12T00:00:00,2025-07-13T00:00:00,0.0,0.0,0.0,7.17,7.77
202224,Cox's Bazar Sadar,Cox's Bazar,Chittagong,BMDWRF,cldcvr,2025-07-13T00:00:00,2025-07-14T00:00:00,0.0,0.0,0.0,7.17,7.43
202224,Cox's Bazar Sadar,Cox's Bazar,Chittagong,BMDWRF,cldcvr,2025-07-14T00:00:00,2025-07-15T00:00:00,0.0,0.0,0.0,7.21,7.71
202224,Cox's Bazar Sadar,Cox's Bazar,Chittagong,BMDWRF,cldcvr,2025-07-15T00:00:00,2025-07-16T00:00:00,0.0,0.0,0.0,7.0,7.78
202224,Cox's Bazar Sadar,Cox's Bazar,Chittagong,BMDWRF,cldcvr,2025-07-16T00:00:00,2025-07-17T00:00:00,0.0,0.0,0.0,6.89,7.51
202224,Cox's Bazar Sadar,Cox's Bazar,Chittagong,BMDWRF,cldcvr,2025-07-17T00:00:00,2025-07-18T00:00:00,0.0,0.0,0.0,7.07,7.0
202224,Cox's Bazar Sadar,Cox's Bazar,Chittagong,BMDWRF,cldcvr,2025-07-18T00:00:00,2025-07-19T00:00:00,0.0,0.0,0.0,5.13,7.12
202224,Cox's Bazar Sadar,Cox's Bazar,Chittagong,BMDWRF,cldcvr,2025-07-19T00:00:00,2025-07-20T00:00:00,0.0,0.0,0.0,5.41,6.41
202224,Cox's Bazar Sadar,Cox's Bazar,Chittagong,BMDWRF,cldcvr,2025-07-20T00:00:00,2025-07-21T00:00:00,0.0,0.0,0.0,6.19,6.69
202224,Cox's Bazar Sadar,Cox's Bazar,Chittagong,BMDWRF,cldcvr,2025-07-21T00:00:00,2025-07-22T00:00:00,0.0,0.0,0.0,6.17,7.28
202245,Kutubdia,Cox's Bazar,Chittagong,BMDWRF,cldcvr,2025-07-12T00:00:00,2025-07-13T00:00:00,0.0,0.0,0.0,5.98,7.34
202245,Kutubdia,Cox's Bazar,Chittagong,BMDWRF,cldcvr,2025-07-13T00:00:00,2025-07-14T00:00:00,0.0,0.0,0.0,7.63,7.53
202245,Kutubdia,Cox's Bazar,Chittagong,BMDWRF,cldcvr,2025-07-14T00:00:00,2025-07-15T00:00:00,0.0,0.0,0.0,6.95,7.76
202245,Kutubdia,Cox's Bazar,Chittagong,BMDWRF,cldcvr,2025-07-15T00:00:00,2025-07-16T00:00:00,0.0,0.0,0.0,6.55,7.61
202245,Kutubdia,Cox's Bazar,Chittagong,BMDWRF,cldcvr,2025-07-16T00:00:00,2025-07-17T00:00:00,0.0,0.0,0.0,6.57,7.73
202245,Kutubdia,Cox's Bazar,Chittagong,BMDWRF,cldcvr,2025-07-17T00:00:00,2025-07-18T00:00:00,0.0,0.0,0.0,6.8,7.24
202245,Kutubdia,Cox's Bazar,Chittagong,BMDWRF,cldcvr,2025-07-18T00:00:00,2025-07-19T00:00:00,0.0,0.0,0.0,4.72,6.96
202245,Kutubdia,Cox's Bazar,Chittagong,BMDWRF,cldcvr,2025-07-19T00:00:00,2025-07-20T00:00:00,0.0,0.0,0.0,4.93,6.37
202245,Kutubdia,Cox's Bazar,Chittagong,BMDWRF,cldcvr,2025-07-20T00:00:00,2025-07-21T00:00:00,0.0,0.0,0.0,5.32,6.6
202245,Kutubdia,Cox's Bazar,Chittagong,BMDWRF,cldcvr,2025-07-21T00:00:00,2025-07-22T00:00:00,0.0,0.0,0.0,4.79,6.84
202294,Ukhia,Cox's Bazar,Chittagong,BMDWRF,cldcvr,2025-07-12T00:00:00,2025-07-13T00:00:00,0.0,0.0,0.0,7.41,7.71
202294,Ukhia,Cox's Bazar,Chittagong,BMDWRF,cldcvr,2025-07-13T00:00:00,2025-07-14T00:00:00,0.0,0.0,0.0,6.76,7.74
202294,Ukhia,Cox's Bazar,Chittagong,BMDWRF,cldcvr,2025-07-14T00:00:00,2025-07-15T00:00:00,0.0,0.0,0.0,7.65,7.81
202294,Ukhia,Cox's Bazar,Chittagong,BMDWRF,cldcvr,2025-07-15T00:00:00,2025-07-16T00:00:00,0.0,0.0,0.0,7.26,7.66
202294,Ukhia,Cox's Bazar,Chittagong,BMDWRF,cldcvr,2025-07-16T00:00:00,2025-07-17T00:00:00,0.0,0.0,0.0,7.02,7.69
202294,Ukhia,Cox's Bazar,Chittagong,BMDWRF,cldcvr,2025-07-17T00:00:00,2025-07-18T00:00:00,0.0,0.0,0.0,7.36,7.27
202294,Ukhia,Cox's Bazar,Chittagong,BMDWRF,cldcvr,2025-07-18T00:00:00,2025-07-19T00:00:00,0.0,0.0,0.0,5.14,7.12
202294,Ukhia,Cox's Bazar,Chittagong,BMDWRF,cldcvr,2025-07-19T00:00:00,2025-07-20T00:00:00,0.0,0.0,0.0,5.68,6.8
202294,Ukhia,Cox's Bazar,Chittagong,BMDWRF,cldcvr,2025-07-20T00:00:00,2025-07-21T00:00:00,0.0,0.0,0.0,6.25,7.0
202294,Ukhia,Cox's Bazar,Chittagong,BMDWRF,cldcvr,2025-07-21T00:00:00,2025-07-22T00:00:00,0.0,0.0,0.0,6.31,7.64
100409,Amtali,Barguna,Barisal,BMDWRF,windgust,2025-07-12T00:00:00,2025-07-13T00:00:00,3.690000057220459,12.59,20.670000076293945,0.0,0.0
100409,Amtali,Barguna,Barisal,BMDWRF,windgust,2025-07-13T00:00:00,2025-07-14T00:00:00,7.960000038146973,12.49,20.219999313354492,0.0,0.0
100409,Amtali,Barguna,Barisal,BMDWRF,windgust,2025-07-14T00:00:00,2025-07-15T00:00:00,13.739999771118164,25.08,33.119998931884766,0.0,0.0
100409,Amtali,Barguna,Barisal,BMDWRF,windgust,2025-07-15T00:00:00,2025-07-16T00:00:00,23.510000228881836,28.93,34.290000915527344,0.0,0.0
100409,Amtali,Barguna,Barisal,BMDWRF,windgust,2025-07-16T00:00:00,2025-07-17T00:00:00,21.979999542236328,27.87,32.810001373291016,0.0,0.0
100409,Amtali,Barguna,Barisal,BMDWRF,windgust,2025-07-17T00:00:00,2025-07-18T00:00:00,17.079999923706055,21.74,24.950000762939453,0.0,0.0
100409,Amtali,Barguna,Barisal,BMDWRF,windgust,2025-07-18T00:00:00,2025-07-19T00:00:00,17.639999389648438,19.78,23.110000610351562,0.0,0.0
100409,Amtali,Barguna,Barisal,BMDWRF,windgust,2025-07-19T00:00:00,2025-07-20T00:00:00,14.079999923706055,19.2,24.1200008392334,0.0,0.0
100409,Amtali,Barguna,Barisal,BMDWRF,windgust,2025-07-20T00:00:00,2025-07-21T00:00:00,12.25,15.78,20.15999984741211,0.0,0.0
100409,Amtali,Barguna,Barisal,BMDWRF,windgust,2025-07-21T00:00:00,2025-07-22T00:00:00,6.480000019073486,13.57,19.079999923706055,0.0,0.0
100419,Bamna,Barguna,Barisal,BMDWRF,windgust,2025-07-12T00:00:00,2025-07-13T00:00:00,4.050000190734863,11.59,20.309999465942383,0.0,0.0
100419,Bamna,Barguna,Barisal,BMDWRF,windgust,2025-07-13T00:00:00,2025-07-14T00:00:00,7.960000038146973,12.09,18.729999542236328,0.0,0.0
100419,Bamna,Barguna,Barisal,BMDWRF,windgust,2025-07-14T00:00:00,2025-07-15T00:00:00,11.9399995803833,21.77,27.049999237060547,0.0,0.0
100419,Bamna,Barguna,Barisal,BMDWRF,windgust,2025-07-15T00:00:00,2025-07-16T00:00:00,23.149999618530273,28.05,33.119998931884766,0.0,0.0
100419,Bamna,Barguna,Barisal,BMDWRF,windgust,2025-07-16T00:00:00,2025-07-17T00:00:00,22.34000015258789,27.3,32.810001373291016,0.0,0.0
100419,Bamna,Barguna,Barisal,BMDWRF,windgust,2025-07-17T00:00:00,2025-07-18T00:00:00,18.15999984741211,20.9,23.149999618530273,0.0,0.0
100419,Bamna,Barguna,Barisal,BMDWRF,windgust,2025-07-18T00:00:00,2025-07-19T00:00:00,17.280000686645508,19.92,22.75,0.0,0.0
100419,Bamna,Barguna,Barisal,BMDWRF,windgust,2025-07-19T00:00:00,2025-07-20T00:00:00,16.219999313354492,19.95,24.479999542236328,0.0,0.0
100419,Bamna,Barguna,Barisal,BMDWRF,windgust,2025-07-20T00:00:00,2025-07-21T00:00:00,12.609999656677246,16.24,20.8799991607666,0.0,0.0
100419,Bamna,Barguna,Barisal,BMDWRF,windgust,2025-07-21T00:00:00,2025-07-22T00:00:00,9.359999656677246,13.98,19.799999237060547,0.0,0.0
100428,Barguna Sadar,Barguna,Barisal,BMDWRF,windgust,2025-07-12T00:00:00,2025-07-13T00:00:00,4.050000190734863,12.46,20.670000076293945,0.0,0.0
100428,Barguna Sadar,Barguna,Barisal,BMDWRF,windgust,2025-07-13T00:00:00,2025-07-14T00:00:00,7.960000038146973,12.46,20.219999313354492,0.0,0.0
100428,Barguna Sadar,Barguna,Barisal,BMDWRF,windgust,2025-07-14T00:00:00,2025-07-15T00:00:00,11.9399995803833,24.43,33.119998931884766,0.0,0.0
100428,Barguna Sadar,Barguna,Barisal,BMDWRF,windgust,2025-07-15T00:00:00,2025-07-16T00:00:00,23.149999618530273,28.51,33.84000015258789,0.0,0.0
100428,Barguna Sadar,Barguna,Barisal,BMDWRF,windgust,2025-07-16T00:00:00,2025-07-17T00:00:00,21.979999542236328,27.59,32.810001373291016,0.0,0.0
100428,Barguna Sadar,Barguna,Barisal,BMDWRF,windgust,2025-07-17T00:00:00,2025-07-18T00:00:00,17.079999923706055,21.27,24.950000762939453,0.0,0.0
100428,Barguna Sadar,Barguna,Barisal,BMDWRF,windgust,2025-07-18T00:00:00,2025-07-19T00:00:00,17.280000686645508,19.7,23.110000610351562,0.0,0.0
100428,Barguna Sadar,Barguna,Barisal,BMDWRF,windgust,2025-07-19T00:00:00,2025-07-20T00:00:00,14.079999923706055,19.41,24.479999542236328,0.0,0.0
100428,Barguna Sadar,Barguna,Barisal,BMDWRF,windgust,2025-07-20T00:00:00,2025-07-21T00:00:00,12.609999656677246,15.92,20.8799991607666,0.0,0.0
100428,Barguna Sadar,Barguna,Barisal,BMDWRF,windgust,2025-07-21T00:00:00,2025-07-22T00:00:00,6.480000019073486,13.81,19.799999237060547,0.0,0.0
100447,Betagi,Barguna,Barisal,BMDWRF,windgust,2025-07-12T00:00:00,2025-07-13T00:00:00,4.050000190734863,12.4,22.469999313354492,0.0,0.0
100447,Betagi,Barguna,Barisal,BMDWRF,windgust,2025-07-13T00:00:00,2025-07-14T00:00:00,7.599999904632568,13.49,21.610000610351562,0.0,0.0
100447,Betagi,Barguna,Barisal,BMDWRF,windgust,2025-07-14T00:00:00,2025-07-15T00:00:00,11.9399995803833,24.33,33.529998779296875,0.0,0.0
100447,Betagi,Barguna,Barisal,BMDWRF,windgust,2025-07-15T00:00:00,2025-07-16T00:00:00,23.149999618530273,28.68,34.20000076293945,0.0,0.0
100447,Betagi,Barguna,Barisal,BMDWRF,windgust,2025-07-16T00:00:00,2025-07-17T00:00:00,21.979999542236328,27.67,33.16999816894531,0.0,0.0
100447,Betagi,Barguna,Barisal,BMDWRF,windgust,2025-07-17T00:00:00,2025-07-18T00:00:00,16.360000610351562,21.04,25.969999313354492,0.0,0.0
100447,Betagi,Barguna,Barisal,BMDWRF,windgust,2025-07-18T00:00:00,2025-07-19T00:00:00,16.200000762939453,20.03,25.270000457763672,0.0,0.0
100447,Betagi,Barguna,Barisal,BMDWRF,windgust,2025-07-19T00:00:00,2025-07-20T00:00:00,15.859999656677246,20.26,27.0,0.0,0.0
100447,Betagi,Barguna,Barisal,BMDWRF,windgust,2025-07-20T00:00:00,2025-07-21T00:00:00,10.449999809265137,16.52,23.040000915527344,0.0,0.0
100447,Betagi,Barguna,Barisal,BMDWRF,windgust,2025-07-21T00:00:00,2025-07-22T00:00:00,9.0,14.59,21.239999771118164,0.0,0.0
100485,Patharghata,Barguna,Barisal,BMDWRF,windgust,2025-07-12T00:00:00,2025-07-13T00:00:00,4.050000190734863,11.99,20.670000076293945,0.0,0.0
100485,Patharghata,Barguna,Barisal,BMDWRF,windgust,2025-07-13T00:00:00,2025-07-14T00:00:00,6.880000114440918,11.68,18.729999542236328,0.0,0.0
100485,Patharghata,Barguna,Barisal,BMDWRF,windgust,2025-07-14T00:00:00,2025-07-15T00:00:00,10.859999656677246,21.36,27.049999237060547,0.0,0.0
100485,Patharghata,Barguna,Barisal,BMDWRF,windgust,2025-07-15T00:00:00,2025-07-16T00:00:00,21.959999084472656,28.35,34.20000076293945,0.0,0.0
100485,Patharghata,Barguna,Barisal,BMDWRF,windgust,2025-07-16T00:00:00,2025-07-17T00:00:00,22.34000015258789,27.22,33.529998779296875,0.0,0.0
100485,Patharghata,Barguna,Barisal,BMDWRF,windgust,2025-07-17T00:00:00,2025-07-18T00:00:00,18.15999984741211,21.46,24.59000015258789,0.0,0.0
100485,Patharghata,Barguna,Barisal,BMDWRF,windgust,2025-07-18T00:00:00,2025-07-19T00:00:00,17.280000686645508,20.07,22.75,0.0,0.0
100485,Patharghata,Barguna,Barisal,BMDWRF,windgust,2025-07-19T00:00:00,2025-07-20T00:00:00,15.140000343322754,19.72,24.479999542236328,0.0,0.0
100485,Patharghata,Barguna,Barisal,BMDWRF,windgust,2025-07-20T00:00:00,2025-07-21T00:00:00,12.25,15.77,20.8799991607666,0.0,0.0
100485,Patharghata,Barguna,Barisal,BMDWRF,windgust,2025-07-21T00:00:00,2025-07-22T00:00:00,9.0,13.79,19.799999237060547,0.0,0.0
202224,Cox's Bazar Sadar,Cox's Bazar,Chittagong,BMDWRF,windgust,2025-07-12T00:00:00,2025-07-13T00:00:00,2.180000066757202,10.39,18.760000228881836,0.0,0.0
202224,Cox's Bazar Sadar,Cox's Bazar,Chittagong,BMDWRF,windgust,2025-07-13T00:00:00,2025-07-14T00:00:00,4.03000020980835,26.83,42.849998474121094,0.0,0.0
202224,Cox's Bazar Sadar,Cox's Bazar,Chittagong,BMDWRF,windgust,2025-07-14T00:00:00,2025-07-15T00:00:00,18.719999313354492,29.87,39.29999923706055,0.0,0.0
202224,Cox's Bazar Sadar,Cox's Bazar,Chittagong,BMDWRF,windgust,2025-07-15T00:00:00,2025-07-16T00:00:00,16.940000534057617,26.03,32.5099983215332,0.0,0.0
202224,Cox's Bazar Sadar,Cox's Bazar,Chittagong,BMDWRF,windgust,2025-07-16T00:00:00,2025-07-17T00:00:00,11.930000305175781,21.3,30.290000915527344,0.0,0.0
202224,Cox's Bazar Sadar,Cox's Bazar,Chittagong,BMDWRF,windgust,2025-07-17T00:00:00,2025-07-18T00:00:00,3.609999895095825,13.54,23.420000076293945,0.0,0.0
202224,Cox's Bazar Sadar,Cox's Bazar,Chittagong,BMDWRF,windgust,2025-07-18T00:00:00,2025-07-19T00:00:00,2.1700000762939453,9.96,17.670000076293945,0.0,0.0
202224,Cox's Bazar Sadar,Cox's Bazar,Chittagong,BMDWRF,windgust,2025-07-19T00:00:00,2025-07-20T00:00:00,2.5199999809265137,9.83,15.479999542236328,0.0,0.0
202224,Cox's Bazar Sadar,Cox's Bazar,Chittagong,BMDWRF,windgust,2025-07-20T00:00:00,2025-07-21T00:00:00,1.8700000047683716,10.34,19.510000228881836,0.0,0.0
202224,Cox's Bazar Sadar,Cox's Bazar,Chittagong,BMDWRF,windgust,2025-07-21T00:00:00,2025-07-22T00:00:00,3.3299999237060547,11.0,17.280000686645508,0.0,0.0
202245,Kutubdia,Cox's Bazar,Chittagong,BMDWRF,windgust,2025-07-12T00:00:00,2025-07-13T00:00:00,5.489999771118164,15.17,22.0,0.0,0.0
202245,Kutubdia,Cox's Bazar,Chittagong,BMDWRF,windgust,2025-07-13T00:00:00,2025-07-14T00:00:00,6.5,28.84,44.75,0.0,0.0
202245,Kutubdia,Cox's Bazar,Chittagong,BMDWRF,windgust,2025-07-14T00:00:00,2025-07-15T00:00:00,29.209999084472656,36.17,46.13999938964844,0.0,0.0
202245,Kutubdia,Cox's Bazar,Chittagong,BMDWRF,windgust,2025-07-15T00:00:00,2025-07-16T00:00:00,23.059999465942383,32.43,39.2599983215332,0.0,0.0
202245,Kutubdia,Cox's Bazar,Chittagong,BMDWRF,windgust,2025-07-16T00:00:00,2025-07-17T00:00:00,16.969999313354492,27.8,33.88999938964844,0.0,0.0
202245,Kutubdia,Cox's Bazar,Chittagong,BMDWRF,windgust,2025-07-17T00:00:00,2025-07-18T00:00:00,7.230000019073486,18.91,26.329999923706055,0.0,0.0
202245,Kutubdia,Cox's Bazar,Chittagong,BMDWRF,windgust,2025-07-18T00:00:00,2025-07-19T00:00:00,7.570000171661377,15.75,22.350000381469727,0.0,0.0
202245,Kutubdia,Cox's Bazar,Chittagong,BMDWRF,windgust,2025-07-19T00:00:00,2025-07-20T00:00:00,5.760000228881836,14.38,20.90999984741211,0.0,0.0
202245,Kutubdia,Cox's Bazar,Chittagong,BMDWRF,windgust,2025-07-20T00:00:00,2025-07-21T00:00:00,2.5999999046325684,13.16,22.75,0.0,0.0
202245,Kutubdia,Cox's Bazar,Chittagong,BMDWRF,windgust,2025-07-21T00:00:00,2025-07-22T00:00:00,8.039999961853027,14.85,22.0,0.0,0.0
202294,Ukhia,Cox's Bazar,Chittagong,BMDWRF,windgust,2025-07-12T00:00:00,2025-07-13T00:00:00,4.340000152587891,13.4,20.559999465942383,0.0,0.0
202294,Ukhia,Cox's Bazar,Chittagong,BMDWRF,windgust,2025-07-13T00:00:00,2025-07-14T00:00:00,6.550000190734863,28.78,40.689998626708984,0.0,0.0
202294,Ukhia,Cox's Bazar,Chittagong,BMDWRF,windgust,2025-07-14T00:00:00,2025-07-15T00:00:00,20.15999984741211,29.59,41.459999084472656,0.0,0.0
202294,Ukhia,Cox's Bazar,Chittagong,BMDWRF,windgust,2025-07-15T00:00:00,2025-07-16T00:00:00,18.739999771118164,25.97,33.529998779296875,0.0,0.0
202294,Ukhia,Cox's Bazar,Chittagong,BMDWRF,windgust,2025-07-16T00:00:00,2025-07-17T00:00:00,13.729999542236328,22.48,28.489999771118164,0.0,0.0
202294,Ukhia,Cox's Bazar,Chittagong,BMDWRF,windgust,2025-07-17T00:00:00,2025-07-18T00:00:00,3.2699999809265137,15.12,23.450000762939453,0.0,0.0
202294,Ukhia,Cox's Bazar,Chittagong,BMDWRF,windgust,2025-07-18T00:00:00,2025-07-19T00:00:00,2.5299999713897705,11.44,19.799999237060547,0.0,0.0
202294,Ukhia,Cox's Bazar,Chittagong,BMDWRF,windgust,2025-07-19T00:00:00,2025-07-20T00:00:00,4.010000228881836,11.72,17.280000686645508,0.0,0.0
202294,Ukhia,Cox's Bazar,Chittagong,BMDWRF,windgust,2025-07-20T00:00:00,2025-07-21T00:00:00,3.6700000762939453,13.14,19.510000228881836,0.0,0.0
202294,Ukhia,Cox's Bazar,Chittagong,BMDWRF,windgust,2025-07-21T00:00:00,2025-07-22T00:00:00,3.9600000381469727,14.02,22.799999237060547,0.0,0.0
100409,Amtali,Barguna,Barisal,BMDWRF,thi,2025-07-12T00:00:00,2025-07-13T00:00:00,78.13999938964844,81.28,84.80000305175781,0.0,0.0
100409,Amtali,Barguna,Barisal,BMDWRF,thi,2025-07-13T00:00:00,2025-07-14T00:00:00,78.13999938964844,81.83,84.91999816894531,0.0,0.0
100409,Amtali,Barguna,Barisal,BMDWRF,thi,2025-07-14T00:00:00,2025-07-15T00:00:00,79.45999908447266,81.93,84.73999786376953,0.0,0.0
100409,Amtali,Barguna,Barisal,BMDWRF,thi,2025-07-15T00:00:00,2025-07-16T00:00:00,80.04000091552734,81.97,84.66999816894531,0.0,0.0
100409,Amtali,Barguna,Barisal,BMDWRF,thi,2025-07-16T00:00:00,2025-07-17T00:00:00,78.75,81.48,84.66999816894531,0.0,0.0
100409,Amtali,Barguna,Barisal,BMDWRF,thi,2025-07-17T00:00:00,2025-07-18T00:00:00,77.72000122070312,80.72,84.11000061035156,0.0,0.0
100409,Amtali,Barguna,Barisal,BMDWRF,thi,2025-07-18T00:00:00,2025-07-19T00:00:00,76.91000366210938,80.19,83.4800033569336,0.0,0.0
100409,Amtali,Barguna,Barisal,BMDWRF,thi,2025-07-19T00:00:00,2025-07-20T00:00:00,76.31999969482422,79.79,83.37000274658203,0.0,0.0
100409,Amtali,Barguna,Barisal,BMDWRF,thi,2025-07-20T00:00:00,2025-07-21T00:00:00,76.73999786376953,80.04,83.2300033569336,0.0,0.0
100409,Amtali,Barguna,Barisal,BMDWRF,thi,2025-07-21T00:00:00,2025-07-22T00:00:00,77.0999984741211,80.78,84.54000091552734,0.0,0.0
100419,Bamna,Barguna,Barisal,BMDWRF,thi,2025-07-12T00:00:00,2025-07-13T00:00:00,78.16000366210938,81.16,84.93000030517578,0.0,0.0
100419,Bamna,Barguna,Barisal,BMDWRF,thi,2025-07-13T00:00:00,2025-07-14T00:00:00,78.16000366210938,81.85,85.20999908447266,0.0,0.0
100419,Bamna,Barguna,Barisal,BMDWRF,thi,2025-07-14T00:00:00,2025-07-15T00:00:00,79.68000030517578,82.28,85.02999877929688,0.0,0.0
100419,Bamna,Barguna,Barisal,BMDWRF,thi,2025-07-15T00:00:00,2025-07-16T00:00:00,80.30000305175781,82.22,84.73999786376953,0.0,0.0
100419,Bamna,Barguna,Barisal,BMDWRF,thi,2025-07-16T00:00:00,2025-07-17T00:00:00,79.30000305175781,81.69,85.05000305175781,0.0,0.0
100419,Bamna,Barguna,Barisal,BMDWRF,thi,2025-07-17T00:00:00,2025-07-18T00:00:00,78.02999877929688,80.82,84.19999694824219,0.0,0.0
100419,Bamna,Barguna,Barisal,BMDWRF,thi,2025-07-18T00:00:00,2025-07-19T00:00:00,77.0999984741211,80.05,83.33000183105469,0.0,0.0
100419,Bamna,Barguna,Barisal,BMDWRF,thi,2025-07-19T00:00:00,2025-07-20T00:00:00,76.58999633789062,79.93,83.30999755859375,0.0,0.0
100419,Bamna,Barguna,Barisal,BMDWRF,thi,2025-07-20T00:00:00,2025-07-21T00:00:00,77.30999755859375,79.9,83.41999816894531,0.0,0.0
100419,Bamna,Barguna,Barisal,BMDWRF,thi,2025-07-21T00:00:00,2025-07-22T00:00:00,77.30999755859375,80.61,84.70999908447266,0.0,0.0
100428,Barguna Sadar,Barguna,Barisal,BMDWRF,thi,2025-07-12T00:00:00,2025-07-13T00:00:00,78.16000366210938,81.33,84.87000274658203,0.0,0.0
100428,Barguna Sadar,Barguna,Barisal,BMDWRF,thi,2025-07-13T00:00:00,2025-07-14T00:00:00,78.16000366210938,81.84,84.83000183105469,0.0,0.0
100428,Barguna Sadar,Barguna,Barisal,BMDWRF,thi,2025-07-14T00:00:00,2025-07-15T00:00:00,79.41000366210938,81.99,84.56999969482422,0.0,0.0
100428,Barguna Sadar,Barguna,Barisal,BMDWRF,thi,2025-07-15T00:00:00,2025-07-16T00:00:00,80.27999877929688,82.13,84.68000030517578,0.0,0.0
100428,Barguna Sadar,Barguna,Barisal,BMDWRF,thi,2025-07-16T00:00:00,2025-07-17T00:00:00,79.13999938964844,81.62,84.55000305175781,0.0,0.0
100428,Barguna Sadar,Barguna,Barisal,BMDWRF,thi,2025-07-17T00:00:00,2025-07-18T00:00:00,78.37999725341797,80.84,83.81999969482422,0.0,0.0
100428,Barguna Sadar,Barguna,Barisal,BMDWRF,thi,2025-07-18T00:00:00,2025-07-19T00:00:00,77.13999938964844,80.26,83.22000122070312,0.0,0.0
100428,Barguna Sadar,Barguna,Barisal,BMDWRF,thi,2025-07-19T00:00:00,2025-07-20T00:00:00,76.51000213623047,80.0,83.05999755859375,0.0,0.0
100428,Barguna Sadar,Barguna,Barisal,BMDWRF,thi,2025-07-20T00:00:00,2025-07-21T00:00:00,77.43000030517578,80.09,82.94000244140625,0.0,0.0
100428,Barguna Sadar,Barguna,Barisal,BMDWRF,thi,2025-07-21T00:00:00,2025-07-22T00:00:00,77.43000030517578,80.87,84.4000015258789,0.0,0.0
100447,Betagi,Barguna,Barisal,BMDWRF,thi,2025-07-12T00:00:00,2025-07-13T00:00:00,78.16000366210938,81.22,85.48999786376953,0.0,0.0
100447,Betagi,Barguna,Barisal,BMDWRF,thi,2025-07-13T00:00:00,2025-07-14T00:00:00,78.16000366210938,81.84,85.2300033569336,0.0,0.0
100447,Betagi,Barguna,Barisal,BMDWRF,thi,2025-07-14T00:00:00,2025-07-15T00:00:00,79.41000366210938,82.2,85.18000030517578,0.0,0.0
100447,Betagi,Barguna,Barisal,BMDWRF,thi,2025-07-15T00:00:00,2025-07-16T00:00:00,80.25,82.14,84.75,0.0,0.0
100447,Betagi,Barguna,Barisal,BMDWRF,thi,2025-07-16T00:00:00,2025-07-17T00:00:00,79.06999969482422,81.57,85.16000366210938,0.0,0.0
100447,Betagi,Barguna,Barisal,BMDWRF,thi,2025-07-17T00:00:00,2025-07-18T00:00:00,78.02999877929688,80.83,84.43000030517578,0.0,0.0
100447,Betagi,Barguna,Barisal,BMDWRF,thi,2025-07-18T00:00:00,2025-07-19T00:00:00,77.13999938964844,80.08,83.73999786376953,0.0,0.0
100447,Betagi,Barguna,Barisal,BMDWRF,thi,2025-07-19T00:00:00,2025-07-20T00:00:00,76.51000213623047,79.84,83.44999694824219,0.0,0.0
100447,Betagi,Barguna,Barisal,BMDWRF,thi,2025-07-20T00:00:00,2025-07-21T00:00:00,77.19000244140625,79.83,83.72000122070312,0.0,0.0
100447,Betagi,Barguna,Barisal,BMDWRF,thi,2025-07-21T00:00:00,2025-07-22T00:00:00,77.27999877929688,80.62,84.75,0.0,0.0
100485,Patharghata,Barguna,Barisal,BMDWRF,thi,2025-07-12T00:00:00,2025-07-13T00:00:00,78.16000366210938,81.24,84.87000274658203,0.0,0.0
100485,Patharghata,Barguna,Barisal,BMDWRF,thi,2025-07-13T00:00:00,2025-07-14T00:00:00,78.16000366210938,81.93,84.81999969482422,0.0,0.0
100485,Patharghata,Barguna,Barisal,BMDWRF,thi,2025-07-14T00:00:00,2025-07-15T00:00:00,79.87999725341797,82.13,84.66999816894531,0.0,0.0
100485,Patharghata,Barguna,Barisal,BMDWRF,thi,2025-07-15T00:00:00,2025-07-16T00:00:00,80.7699966430664,82.24,84.55000305175781,0.0,0.0
100485,Patharghata,Barguna,Barisal,BMDWRF,thi,2025-07-16T00:00:00,2025-07-17T00:00:00,79.70999908447266,81.84,84.6500015258789,0.0,0.0
100485,Patharghata,Barguna,Barisal,BMDWRF,thi,2025-07-17T00:00:00,2025-07-18T00:00:00,78.43000030517578,81.0,83.66000366210938,0.0,0.0
100485,Patharghata,Barguna,Barisal,BMDWRF,thi,2025-07-18T00:00:00,2025-07-19T00:00:00,77.52999877929688,80.35,83.30000305175781,0.0,0.0
100485,Patharghata,Barguna,Barisal,BMDWRF,thi,2025-07-19T00:00:00,2025-07-20T00:00:00,77.2699966430664,80.15,82.97000122070312,0.0,0.0
100485,Patharghata,Barguna,Barisal,BMDWRF,thi,2025-07-20T00:00:00,2025-07-21T00:00:00,77.48999786376953,80.23,82.80000305175781,0.0,0.0
100485,Patharghata,Barguna,Barisal,BMDWRF,thi,2025-07-21T00:00:00,2025-07-22T00:00:00,77.48999786376953,80.8,83.98999786376953,0.0,0.0
202224,Cox's Bazar Sadar,Cox's Bazar,Chittagong,BMDWRF,thi,2025-07-12T00:00:00,2025-07-13T00:00:00,76.70999908447266,79.61,83.62000274658203,0.0,0.0
202224,Cox's Bazar Sadar,Cox's Bazar,Chittagong,BMDWRF,thi,2025-07-13T00:00:00,2025-07-14T00:00:00,77.05999755859375,80.18,84.0,0.0,0.0
202224,Cox's Bazar Sadar,Cox's Bazar,Chittagong,BMDWRF,thi,2025-07-14T00:00:00,2025-07-15T00:00:00,77.18000030517578,80.12,83.18000030517578,0.0,0.0
202224,Cox's Bazar Sadar,Cox's Bazar,Chittagong,BMDWRF,thi,2025-07-15T00:00:00,2025-07-16T00:00:00,76.93000030517578,80.04,83.51000213623047,0.0,0.0
202224,Cox's Bazar Sadar,Cox's Bazar,Chittagong,BMDWRF,thi,2025-07-16T00:00:00,2025-07-17T00:00:00,76.16999816894531,79.7,83.72000122070312,0.0,0.0
202224,Cox's Bazar Sadar,Cox's Bazar,Chittagong,BMDWRF,thi,2025-07-17T00:00:00,2025-07-18T00:00:00,74.83000183105469,78.81,82.95999908447266,0.0,0.0
202224,Cox's Bazar Sadar,Cox's Bazar,Chittagong,BMDWRF,thi,2025-07-18T00:00:00,2025-07-19T00:00:00,74.58999633789062,78.44,82.88999938964844,0.0,0.0
202224,Cox's Bazar Sadar,Cox's Bazar,Chittagong,BMDWRF,thi,2025-07-19T00:00:00,2025-07-20T00:00:00,74.58999633789062,78.23,82.18000030517578,0.0,0.0
202224,Cox's Bazar Sadar,Cox's Bazar,Chittagong,BMDWRF,thi,2025-07-20T00:00:00,2025-07-21T00:00:00,74.68000030517578,78.67,82.69000244140625,0.0,0.0
202224,Cox's Bazar Sadar,Cox's Bazar,Chittagong,BMDWRF,thi,2025-07-21T00:00:00,2025-07-22T00:00:00,76.0999984741211,79.74,83.61000061035156,0.0,0.0
202245,Kutubdia,Cox's Bazar,Chittagong,BMDWRF,thi,2025-07-12T00:00:00,2025-07-13T00:00:00,78.12999725341797,80.26,82.2699966430664,0.0,0.0
202245,Kutubdia,Cox's Bazar,Chittagong,BMDWRF,thi,2025-07-13T00:00:00,2025-07-14T00:00:00,78.12999725341797,80.46,83.16999816894531,0.0,0.0
202245,Kutubdia,Cox's Bazar,Chittagong,BMDWRF,thi,2025-07-14T00:00:00,2025-07-15T00:00:00,77.5199966430664,80.53,83.61000061035156,0.0,0.0
202245,Kutubdia,Cox's Bazar,Chittagong,BMDWRF,thi,2025-07-15T00:00:00,2025-07-16T00:00:00,77.5199966430664,80.58,83.52999877929688,0.0,0.0
202245,Kutubdia,Cox's Bazar,Chittagong,BMDWRF,thi,2025-07-16T00:00:00,2025-07-17T00:00:00,77.54000091552734,80.35,83.22000122070312,0.0,0.0
202245,Kutubdia,Cox's Bazar,Chittagong,BMDWRF,thi,2025-07-17T00:00:00,2025-07-18T00:00:00,75.66999816894531,79.59,82.37999725341797,0.0,0.0
202245,Kutubdia,Cox's Bazar,Chittagong,BMDWRF,thi,2025-07-18T00:00:00,2025-07-19T00:00:00,75.27999877929688,79.25,81.70999908447266,0.0,0.0
202245,Kutubdia,Cox's Bazar,Chittagong,BMDWRF,thi,2025-07-19T00:00:00,2025-07-20T00:00:00,75.27999877929688,79.02,81.36000061035156,0.0,0.0
202245,Kutubdia,Cox's Bazar,Chittagong,BMDWRF,thi,2025-07-20T00:00:00,2025-07-21T00:00:00,75.6500015258789,79.27,81.62999725341797,0.0,0.0
202245,Kutubdia,Cox's Bazar,Chittagong,BMDWRF,thi,2025-07-21T00:00:00,2025-07-22T00:00:00,76.72000122070312,80.16,82.51000213623047,0.0,0.0
202294,Ukhia,Cox's Bazar,Chittagong,BMDWRF,thi,2025-07-12T00:00:00,2025-07-13T00:00:00,77.02999877929688,79.54,82.58000183105469,0.0,0.0
202294,Ukhia,Cox's Bazar,Chittagong,BMDWRF,thi,2025-07-13T00:00:00,2025-07-14T00:00:00,77.13999938964844,80.23,83.30000305175781,0.0,0.0
202294,Ukhia,Cox's Bazar,Chittagong,BMDWRF,thi,2025-07-14T00:00:00,2025-07-15T00:00:00,76.98999786376953,80.25,82.97000122070312,0.0,0.0
202294,Ukhia,Cox's Bazar,Chittagong,BMDWRF,thi,2025-07-15T00:00:00,2025-07-16T00:00:00,76.79000091552734,80.02,82.91000366210938,0.0,0.0
202294,Ukhia,Cox's Bazar,Chittagong,BMDWRF,thi,2025-07-16T00:00:00,2025-07-17T00:00:00,76.41999816894531,79.79,82.80999755859375,0.0,0.0
202294,Ukhia,Cox's Bazar,Chittagong,BMDWRF,thi,2025-07-17T00:00:00,2025-07-18T00:00:00,74.83999633789062,78.93,82.43000030517578,0.0,0.0
202294,Ukhia,Cox's Bazar,Chittagong,BMDWRF,thi,2025-07-18T00:00:00,2025-07-19T00:00:00,74.83999633789062,78.6,82.12999725341797,0.0,0.0
202294,Ukhia,Cox's Bazar,Chittagong,BMDWRF,thi,2025-07-19T00:00:00,2025-07-20T00:00:00,74.68000030517578,78.41,81.7300033569336,0.0,0.0
202294,Ukhia,Cox's Bazar,Chittagong,BMDWRF,thi,2025-07-20T00:00:00,2025-07-21T00:00:00,74.68000030517578,78.81,82.08999633789062,0.0,0.0
202294,Ukhia,Cox's Bazar,Chittagong,BMDWRF,thi,2025-07-21T00:00:00,2025-07-22T00:00:00,75.94000244140625,79.64,82.91000366210938,0.0,0.0
